0,1,2,3,4
1300000000.0,200000.0,140000.0,60000.0,216666666.0
273311048.12153023,1023855903.579369,3164871.408138977,63299.81663997163,290905363.885023
3960795.1506150295,1284455949.3352811,11879141.047712,87954.01494776053,531622945.36133057
37183.99749833415,1279211606.206765,20972001.05810864,142728.7574915602,761831156.9508588
289.92163349556364,1270139823.6145031,29966387.331249528,227654.3734578323,968311309.7062521
7.135952500763474,1261096233.103252,38857219.587246396,342388.18761526997,1153157455.8548696
5.1718494488453395,1252116757.330812,47645352.7026779,486586.3032170736,1318440882.3130062
5.033899466059349,1243201217.1673663,56331687.9921089,659907.8053981923,1466037259.650349
4.927089641581819,1234349159.1507628,64917120.00906104,862014.7738847085,1597643673.4108574
4.837863542881571,1225560131.2764852,73402536.20569465,1092572.259377986,1714795613.263299
4.763255668633962,1216833684.7478268,81788816.98426776,1351248.2598894294,1818882353.6687827
4.700959656072902,1208169373.9631028,90076835.75008133,1637713.6974876116,1911160860.9542427
4.649128223060892,1199566756.4930396,98267458.96458606,1951642.3949961856,1992768387.8151982
4.606263570210866,1191025393.0582988,106361546.1979426,2292711.0529337777,2064733866.1225998
4.571138001045762,1182544847.5071063,114359950.18126914,2660599.226596962,2127988216.5556946
4.54273535616982,1174124686.7930539,122263516.85840335,3054989.3033590596,2183373675.680858
4.5202071378028075,1165764480.9530745,130073085.43724264,3475566.4801577227,2231652235.275338
4.502839185993501,1157463803.0854394,137789488.44096038,3922018.7410464953,2273513281.2000685
4.49002605386358,1149222229.32805,145413551.75853235,4394036.835046883,2309580501.9933505
4.481251087882819,1141039338.836669,152946094.69534627,4891314.253978384,2340418144.0157375
4.476070728756103,1132914713.7639475,160387930.0220367,5413547.211039822,2366536660.617765
4.474102113907429,1124847939.236913,167739864.02662364,5960434.618027935,2388397850.133046
4.475013103484285,1116838603.3374336,175002696.5601271,6531678.065283816,2406419462.2364144
4.478514260485238,1108886297.0797706,182177221.0884928,7126981.799025094,2420979410.4488997
4.484352276320858,1100990614.3905401,189264224.73922324,7746052.700893423,2432419552.478626
4.49230463009094,1093151152.087246,196264488.35109103,8388600.266232126,2441049130.0194545
4.5021752054978545,1085367509.884119,203178786.47023854,9054336.602596927,2447147836.1322246
4.513790432676689,1077639290.2498107,210007887.63432297,9742976.320653144,2450968743.691487
4.5269966079523,1069966098.714706,216752553.7850429,10454236.749686224,2452740597.8415666
4.541656755998571,1062347543.3208816,223413541.34018984,11187837.536056057,2452670481.110952
4.557649030897552,1054783234.9565879,229991600.55316624,11943500.87858529,2450945626.232332
4.574864403979886,1047272787.5963771,236487475.05942628,12720951.69273715,2447735225.1959186
4.593205288588239,1039815817.5821849,242901903.2699152,13519917.09175555,2443192457.895338
4.612584263769186,1032411944.1695259,249235617.32575935,14340126.770598851,2437455767.3582335
4.632922747724712,1025060789.2400506,255489343.6591598,15181312.795595594,2430650365.6734276
4.654149965089646,1017761977.3148571,261663802.97493982,16043209.6083993,2422889478.011984
4.676202271340063,1010515136.0641154,267759709.28070557,16925554.380000226,2414275340.0764046
4.6990221358022755,1003319895.1517605,273777772.110942,17828086.188581206,2404900558.464239
4.722557837093876,996175887.1481165,279718694.7842526,18750546.658083875,2394848784.50214
4.746762373146214,989082747.2694731,285583174.9074594,19692679.770766,2384195597.8040233
4.771593326420023,982040113.47682,291371904.19818604,20654231.927726682,2373009294.861569
4.797012443721487,975047625.927791,297085569.5393479,21634951.559342176,2361351674.4112096
4.8229848645831215,968104927.6632211,302724851.6700697,22634589.604132023,2349278492.1833434
4.849479059855366,961211664.2939922,308290425.7972808,23652899.27918867,2336840137.120731
4.8764666261796625,954367483.370119,313782962.80258703,24689635.637133423,2324082206.8825994
4.903921551719461,947572036.0497175,319203126.069294,25744556.723046493,2311045732.5033913
4.931820327414009,940824975.0524187,324551575.3882781,26817422.144248094,2297767882.035662
4.960141733240467,934125955.5406114,329828965.28347975,27907993.680501327,2284282200.87934
4.988866506869998,927474635.748748,335035943.833243,29016035.706592895,2270618932.7560315
5.017976973680353,920870675.9100795,340173154.70171666,30141314.45530565,2256805376.920348
5.047457265125426,914313739.0868353,345241235.58211213,31283598.57631273,2242866142.470618
5.077293056405372,907803489.9795324,350240820.455659,32442658.314435367,2228823479.0628724
5.107471200010891,901339595.9559702,355172537.6461876,33618266.21458385,2214697415.0837626
5.137979888186012,894921728.5428971,360037007.0227536,34810198.12614873,2200505917.5302176
5.168808423301319,888549558.5156866,364834849.2645653,36018229.85330587,2186265323.0679154
5.199947091234434,882222760.8373711,369566676.553158,37242140.51562646,2171990254.4413486
5.231387123780799,875941012.2281702,374233097.16181725,38481710.88734406,2157693895.7343373
5.263120633135132,869703990.7442186,378834716.24568695,39736723.11363463,2143388130.5325124
5.295140441938022,863511382.3005259,383372123.61330754,41006965.09946538,2129083475.1312497
5.327440097279988,857362866.3307698,387845920.642364,42292220.836100794,2114789636.5062425
5.360013970989213,851258129.8450515,392256693.90469754,43592279.875896916,2100515174.1317704
5.392856645400984,845196862.4096564,396605024.59701353,44906933.939634286,2086267755.8641655
5.425963751930842,839178752.7377341,400891494.93939716,46235974.61713589,2072054336.4325333
5.459330845295669,833203493.851019,405116678.49398607,47579196.843887754,2057881076.59605
5.492954451957388,827270781.8771079,409281142.4549652,48936398.06467629,2043753479.8576496
5.526831127451001,821380312.3816166,413385454.4845971,50307375.796520285,2029676502.0214312
5.5609580924016,815531787.138808,417430170.0958497,51691932.12616774,2015654499.2047682
5.595332729543001,809724904.6620412,421415850.31977934,53089867.40406993,2001691433.6878364
5.629952834822447,803959369.7365733,425343043.92374843,54500986.5897521,1987790756.8760052
5.664816390582141,798234887.5942581,429212298.27486324,55925095.37632382,1973955544.652048
5.699921786240702,792551166.0690582,433024155.3633531,57362001.59133056,1960188522.3800247
5.7352676064534664,786907914.9303035,436779153.02313805,58811514.7707352,1946492091.8855927
5.770852596843591,781304845.8510668,440477825.04543674,60273446.09585272,1932868385.3866813
5.806675747639005,775741672.736031,444120700.48455304,61747608.67515561,1919319241.1221385
5.842736290294615,770218111.6279706,447708303.85925835,63233817.4613017,1905846245.1285849
5.8790336168248984,764733880.5179759,451241155.55844116,64731889.085076675,1892450782.4265182
5.9155672428032195,759288699.3403765,454719771.85413533,66241641.84927836,1879134055.1982758
5.952336833404803,753882290.0141017,458144664.8158328,67762895.76281357,1865897091.714821
5.9893422037052835,748514376.4557644,461516342.28491956,69295472.5502988,1852740758.8504047
6.026583293024071,743184684.5608792,464835307.9169655,70839195.63397679,1839665779.3186567
6.064060151242686,737892942.1793364,468102061.23597425,72393890.11085212,1826672747.2464154
6.101772935967718,732638879.0966367,471317097.67655724,73959382.73468453,1813762141.2642877
6.139721904717401,727422227.0281001,474480908.5972904,75535501.91016918,1800934330.092656
6.177907401391296,722242719.5906013,477593981.34456325,77122077.66556409,1788189593.587995
6.216329858272351,717100092.298685,480656799.26225567,78718941.64823477,1775528126.8765075
6.254989776713819,711994082.5479646,483669841.7294937,80325927.10838108,1762950050.3706167
6.293887734093872,706924429.610082,486633584.1720389,81942868.89415361,1750455411.8739629
6.333024372795831,701890874.6126554,489548498.1081264,83569603.43181875,1738044198.7953835
6.37240040105166,696893160.5253985,492415051.1798584,85205968.71228662,1725716343.337731
6.412016576218633,691931032.146191,495233707.18511254,86851804.2772818,1713471730.5910668
6.451873697113583,687004236.086754,498004926.10992646,88506951.20545085,1701310202.1253219
6.491972619270951,682112520.7665957,500729164.14231294,90171252.10639213,1689231556.7606473
6.532314238572888,677255636.3931408,503406873.71750206,91844551.10113987,1677235560.2642028
6.572899508731229,672433334.9585923,506038503.524971,93526693.81916998,1665321941.7147815
6.613729410380483,667645370.2189438,508624498.55624586,95217527.37777436,1653490403.2437503
6.6548049636772175,662891497.6854364,511165300.12426835,96916900.37373465,1641740620.7043362
6.696127214185826,658171474.6077248,513661345.90165305,98624662.86684269,1630072248.5442028
6.73769724150007,653485059.9649825,516113069.9409008,100340666.37119447,1618484921.849137
6.779516170769095,648832014.4518282,518520902.70622975,102064763.84152985,1606978256.578971
6.821585137739663,644212100.4655457,520885271.10273886,103796809.66063063,1595551856.0117977
6.863905287867618,639625082.0971915,523206598.49634224,105536659.63082589,1584205306.1193829
6.906477807416307,635070725.115582,525485304.7503053,107284170.9582059,1572938183.8166277
6.949303945300717,630548796.9594027,527721806.2429111,109039202.24510133,1561750052.4740925
6.992384943189372,626059066.722258,529916515.9015099,110801613.47539228,1550640467.9006867
7.035722020080021,621601305.14257,532069843.2252557,112571266.00478852,1539608976.3251715
7.079316444829846,617175284.5910174,534182194.31366706,114348022.54852206,1528655117.9737842
7.12316952346751,612780779.0590754,536253971.8924494,116131747.1702988,1517778426.7486053
7.167282555421494,608417564.1471834,538285575.3403881,117922305.27071422,1506978432.2637863
7.211656859665486,604085417.0540034,540277400.7134985,119719563.57693854,1496254659.352168
7.256293779427129,599784116.5638288,542229840.7736485,121523390.13038504,1485606630.50545
7.301194692984588,595513443.0370306,544143285.0099772,123333654.27758333,1475033864.3209426
7.346360981149293,591273178.3969647,546018119.668649,125150226.65736298,1464535878.36939
7.3917939930664565,587063106.1207155,547854727.7735845,126972979.19202654,1454112187.5892665
7.437495119176528,582883011.2263594,549653489.1553802,128801785.07490152,1443762306.5310965
7.483465806620729,578732680.2633982,551414780.4727422,130636518.76121171,1433485748.521666
7.529707479871251,574611901.3006022,553138975.2400624,132477055.95621546,1423282027.0019562
7.576221544998793,570520463.9163394,554826443.8490797,134323273.60598361,1413150655.1623685
7.623009446738156,566458159.1854613,556477553.5985963,136175049.88462734,1403091147.0028603
7.670072668147756,562424779.6757737,558092668.7022659,138032264.19102284,1393103016.7909033
7.717412679211158,558420119.4239302,559672150.3430717,139894797.1254485,1383185780.300264
7.7650309335517615,554443973.9367788,561216356.6700888,141762530.49103907,1373338953.929769
7.812928937476646,550496140.179324,562725642.8258926,143635347.28196257,1363562056.2873733
7.861108187259703,546576416.5414379,564200361.0210466,145513131.65172917,1353854606.8658767
7.9095702037786335,542684602.8892993,565640860.4187953,147395768.96231967,1344216127.1577275
7.958316504265697,538820500.4726306,567047487.3434044,149283145.69528028,1334646140.645392
8.00734861795559,534983911.98677295,568420585.1406717,151175149.5112724,1325144172.434011
8.056668087135149,531174641.5370131,569760494.2581233,153071669.21582335,1315709749.7719913
8.10627645943746,527392494.57765514,571067552.3819736,154972594.70084065,1306342402.7234492
8.156175294540898,523637278.03021234,572342094.1714066,156877817.05809444,1297041662.6309464
8.206366164269804,519908800.0804939,573584451.7145922,158787228.3845228,1287807064.6565995
8.25685064764514,516206870.40051544,574794954.030077,160700721.9950765,1278638145.0974126
8.307630330332735,512531299.83721155,575973927.7656931,162618192.12454918,1269534444.399589
8.358706811009553,508881900.76973784,577121696.3966304,164539534.2695968,1260495504.13502
8.410081697327692,505258486.9227893,578238580.6443881,166464645.01006874,1251520868.5269682
8.46175660118999,501660873.14273053,579324898.9787552,168393421.7950763,1242610085.7561076
8.51373314621854,498088875.750615,580380966.8261707,170325763.2803935,1233762705.8166173
8.566012966107044,494542312.464259,581407096.7444668,172261569.25398144,1224978280.9850726
8.618597702072535,491021002.0918065,582403599.1096087,174200740.34344727,1216256367.3129036
8.67148900430936,487524764.7727069,583370781.5757078,176143178.24605066,1207596523.5019011
8.724688532418405,484053422.1157616,584308948.7657306,178088785.86043033,1198998310.2961323
8.778197954208842,480606796.8209228,585218403.1184436,180037466.92603216,1190461291.883036
8.832018945997987,477184712.77454096,586099444.6750807,181989126.11394376,1181985035.5179634
8.886153193678608,473786995.37752473,586952370.3449699,183943669.33936647,1173569110.6359603
8.940602391589184,470413471.1449077,587777474.8013798,185901003.38052782,1165213089.803977
8.995368242580644,467063967.61519295,588575050.6838448,187861035.79278257,1156916548.6905253
9.050452458719953,463738313.92895174,589345387.3051381,189823675.45817184,1148679065.398044
9.105856760677835,460436340.29490805,590088771.8442847,191788832.0784259,1140500221.0238974
9.161582877799987,457157877.9208437,590805489.5003104,193756416.1098453,1132379599.5089295
9.21763254835265,453902759.5270631,591495822.3463869,195726339.24975473,1124316787.6091392
9.274007519312153,450670818.93142194,592160050.255938,197698514.04332232,1116311374.9364276
9.330709546767695,447461891.1058462,592798450.7759284,199672853.93755394,1108362953.811988
9.387740395914127,444275812.1613178,593411299.1603873,201649273.2670551,1100471119.2745879
9.445101840189512,441112419.4056146,593998868.2429909,203627687.30762902,1092635469.4389358
9.502795662108328,437971551.2568034,594561428.6287371,205608012.19537818,1084855605.159939
9.560823653379247,434853047.4045805,595099248.3326217,207590165.08053812,1077131129.7493336
9.619187614471839,431756748.5990807,595612593.2530092,209574063.92580032,1069461649.4573044
9.677889354650997,428682496.64985555,596101727.1737602,211559627.50546172,1061846773.4411833
9.736930692184542,425630134.5026943,596566911.5918193,213546775.47895622,1054286113.5441718
9.796313454657732,422599506.4539226,597008405.2368945,215535428.59548742,1046779283.898545
9.85603947827485,419590457.6538898,597426465.183938,217525508.2202066,1039325901.8063544
9.916110608357808,416602834.42918044,597821346.1309586,219516936.64188647,1031925587.1243149
9.976528699448538,413636484.2126447,598193300.5554898,221509637.00638446,1024577962.3553973
10.037295616002794,410691255.571919,598542578.6498983,223503533.34446585,1017282652.5356984
10.098413230670676,407766998.10166985,598869428.5643137,225498550.46782452,1010039285.4929129
10.159883425676227,404863562.4941124,599174096.2471938,227494614.03747967,1002847491.6218922
10.22170809255917,401980800.48947346,599456825.5557793,229491650.51691663,995706903.9240783
10.283889132202042,399118564.8721308,599717858.2646729,231489587.16845635,988617157.9926627
10.346428454757412,396276709.5100453,599957433.978751,233488352.08991492,981577891.9968891
10.409327979792945,393455089.2998051,600175790.2546552,235487874.16342166,974588746.6682272
10.4725896350814,390653560.13920957,600373162.6602284,237488083.03078893,967649365.2603393
10.53621535878245,387871978.9778404,600549784.664928,239488909.13890815,960759393.57847
10.600207098674737,385110203.78740364,600705887.70462,241490283.7127223,953918479.9481376
10.66456681169842,382368093.540518,600841701.2280165,243492138.7358216,947126275.1902153
10.729296464269888,379645508.21050286,600957452.6974669,245494406.9499977,940382432.6118993
10.794398032357472,376942308.77135575,601053367.5880194,247497021.85598317,933686607.9640374
10.859873501750554,374258357.2311488,601129669.3082802,249499917.74863923,927038459.2814828
10.925724867396745,371593516.5043573,601186579.4981682,251503029.5861227,920437647.2872055
10.991954134018657,368947650.50535065,601224317.8091571,253506293.08701408,913883835.022313
11.058563315982616,366320624.1125854,601243101.9870685,255509644.69417498,907376687.928621
11.125554437329836,363712303.16088516,601243147.8891449,257513021.56755286,900915873.8329257
11.192929533071274,361122554.5048446,601224669.3375196,259516361.6481245,894501062.7984476
11.260690647728902,358551245.92724717,601187878.3291906,261519603.56682584,888131927.265713
11.328839834525274,355998246.083974,601132985.1620569,263522686.58997807,881808142.1252896
11.397379157249656,353463424.59956187,601060198.2144274,265525550.71539083,875529384.5091827
11.466310689648612,350946652.0234274,600969724.0450292,267528136.62910548,869295333.8424413
11.535636515466413,348447799.8226636,600861767.408892,269530385.69871855,863105671.826461
11.605358728324589,345966740.4878717,600736531.0120997,271532240.0806243,856960082.4152483
11.675479432121476,343503347.2735383,600594216.1108066,273533642.4589436,850858251.8144456
11.74600074079557,341057494.385542,600435022.0773063,275534536.2350807,844799868.4525088
11.816924778435215,338629056.925237,600259146.5284524,277534865.4719511,838784622.9670452
11.888253679320036,336217910.88152325,600066785.343219,279534574.886573,832812208.1881634
11.959989587887602,333823933.1435348,599858132.6318495,281533609.86403906,826882319.190367
12.03213465877933,331447001.4922258,599633380.7546014,283531916.4495694,820994653.2701045
12.104691057110019,329086994.53240407,599392720.4804597,285529441.27870625,815148909.7135041
12.177660958259057,326743791.75214607,599136340.8464615,287526131.6398222,809344790.0128943
12.25104654798504,324417273.49608046,598864429.2194597,289521935.4471605,803581997.7798694
12.324850022464773,322107320.95881677,598577171.3105356,291516801.2348032,797860238.72933
12.399073588715718,319813816.21455485,598274751.1038587,293510678.1886184,792179220.8104776
12.473719463900341,317536642.1412028,597957351.0349996,295503516.06746703,786538653.9093354
12.548789875749346,315275682.4500581,597625151.9196181,297495265.2352263,780938249.9800342
12.624287062653515,313030821.6842264,597278332.9560788,299485876.65999436,775377723.0491213
12.700213273642193,310801945.2063393,596917071.753368,301475301.9020631,769856789.1764046
12.776570768638479,308588939.2136326,596541544.2951325,303463493.1299829,764375166.4687936
12.853361818946535,306391690.7762689,596151924.8496294,305450403.16035205,758932575.1256353
12.930588705347,304210087.6360808,595748386.4371134,307435985.25310165,753528737.1594255
13.008253720006152,302044018.3873159,595331100.4084132,309420193.2966327,748163376.6341245
13.086359165956486,299893372.4141204,594900236.589507,311402981.7446941,742836219.5738579
13.164907357138848,297758039.8842761,594455963.2952129,313384305.6106684,737546993.9478407
13.243900618444613,295637911.74293786,593998447.3428805,315364120.4618582,732295429.6553006
13.32334128575785,293532879.70636946,593527854.0660816,317342382.4137728,727081258.510401
13.40323170703585,291442836.40469974,593044346.9828401,319319048.2755238,721904214.4255029
13.483574240599701,289367675.1242857,592548088.3920668,321294075.2892107,716764033.0615191
13.564371255352528,287307289.82672477,592039239.3286586,323267421.1498362,711660451.846479
13.645625131853922,285261575.29072684,591517959.2337743,325239044.1498071,706593210.1576134
13.727338261904166,283230427.04013354,590984406.1208743,327208903.10658157,701562049.2188103
13.809513048588464,281213741.3379554,590438736.5887169,329176957.3572586,696566712.0859388
13.892151906321219,279211415.1804082,589881105.8343543,331143166.7531687,691606943.6321698
13.975257260919228,277223346.3010128,589311667.6428088,333107491.6646612,686682490.5536202
14.058831550451174,275249433.44433314,588730573.7519114,335069893.25912285,681793101.9194597
14.142877223193393,273289575.63456553,588137975.5463922,337030332.7604544,676938527.6923767
14.227396739450741,271343672.7867014,587534022.6407976,338988772.0690097,672118519.9600309
14.312392571096522,269411625.5253736,586918863.2984569,340945173.5786618,667332832.5666227
14.397867201617755,267493335.17925638,586292644.4436382,342899500.1717609,662581221.0989499
14.483823126160475,265588703.77546513,585655511.6737027,344851715.2140924,657863442.8724627
14.570262851575045,263697634.03395545,585007609.2712595,346801782.5498352,653179256.9173182
14.657188897061014,261820029.46882266,584349079.9688177,348749666.6046762,648528424.2519777
14.744603793703186,259955794.2919073,583680065.1711549,350695332.28890735,643910707.6250409
14.83251008338652,258104833.2056679,583000705.434067,352638744.7884847,639325870.9592308
14.920910320466986,256267051.68739226,582311139.8055234,354579869.8532084,634773680.1169909
15.009807071262681,254442355.88479322,581611506.0665814,356518673.6917148,630253902.6207755
15.099202914100882,252630652.6107256,580901940.742808,358455122.9667544,625766307.6399584
15.189100439365134,250831849.33790207,580182579.1157006,360389184.79047126,621310665.9777393
15.279502249542306,249045854.19361007,579453555.2341086,362320826.71968114,616886750.0580529
15.370410957053402,247272576.1399243,578715001.497242,364250016.938009,612494334.4275901
15.461829189251901,245511924.55401435,577967049.6231902,366176723.8337155,608133194.5919117
15.553759585116818,243763809.50358286,577209830.0120033,368100916.2777576,603803107.7819058
15.646204795586993,242028141.71754336,576443471.8126312,370022563.5948538,599503852.8739432
15.73916748388409,240304832.55764115,575668102.9876859,371941635.5354967,595235210.3126488
15.832650325556585,238593794.01342866,574883850.324264,373858102.2714923,590996962.0985283
15.926656008523748,236894938.6972409,574090839.4447705,375771934.39150023,586788891.7755948
16.021187233922316,235208179.88614708,573289194.7095538,377683102.9436584,582610784.5288318
16.11624671705258,233533431.569715,572479039.1061531,379591579.4840366,578462427.2952462
16.211837182025516,231870608.129165,571660494.9874731,381497335.7556133,574343608.0130687
16.307961367226454,230219624.6495062,570833683.3521715,383400344.0017195,570254116.3509388
16.40462202370467,228580396.8176958,569998724.078454,385300576.86453557,566193743.4691641
16.501821915221523,226952840.9178606,569155735.9343309,387198007.38087684,562162282.0079232
16.599563818298662,225336873.8265179,568304836.5878745,389092608.97798,558159526.0754663
16.697850522266176,223732413.0077973,567446142.617476,390984355.46928847,554185271.2363169
16.796684834094233,222139376.64565384,566579769.2071515,392873221.1871298,550239314.804247
16.89606956972665,220557683.38951322,565705830.7305847,394759180.7291101,546321455.2752352
16.996007556525104,218987252.41811454,564824440.6036215,396642209.0224694,542431492.4683325
17.09650163674769,217428003.5329711,563935711.0686687,398522281.41803616,538569227.7324234
17.197554665860565,215879857.10386166,563039753.3192838,400399373.6363188,534734463.8237902
17.299169512595043,214342734.06430605,562136677.5098464,402273461.7635462,530927004.8948802
17.401349059004655,212816555.907041,561226592.7652303,404144522.2477082,527146656.483074
17.504096200201285,211301244.6940082,560309607.1571674,406012531.90905344,523393225.53522986
17.60741384071795,209796723.21889153,559385827.3304862,407877468.10257024,519666520.8082986
17.71130490489411,208302914.53553498,558455359.5847577,409739308.2487063,515966351.7066791
17.815772327944153,206819742.35989508,557518308.951037,411598030.2343733,512292529.27305144
17.920819058594475,205347130.94884413,556574779.4693178,413453612.2927491,508644865.8895175
18.02644805913501,203885005.0958966,555624874.1976297,415306032.99956685,505023175.26698697
18.13266230547078,202433290.12693456,554668695.2211356,417155271.26940477,501427272.4345609
18.239464787173407,200991911.89593428,553706343.6612297,419001306.3519758,497856973.7289173
18.34685850173579,199560796.8666649,552737919.487811,420844117.91368663,494312097.01007706
18.454846461047225,198139872.0131467,551763521.7464833,422683685.93943936,490792461.3999323
18.56343169869368,196729064.70787135,550783248.8137748,424519990.62229335,487297886.98854977
18.672617257367666,195328302.90501586,549797197.9770051,426353012.5457104,483828195.3172434
18.782406193412527,193937515.06953648,548805465.5959291,428182732.61375654,480383209.19250566
18.892801576858524,192556630.1731241,547808147.111309,430009132.04761916,476962752.6759959
19.003806491458903,191185577.69015953,546805337.0534873,431832192.3821243,473566651.0745288
19.11542403472594,189824287.59366918,545797129.0509583,433651895.46225345,470194730.930064
19.22765732913781,188472690.51070467,544783615.4750507,435468223.59694237,466846820.41408384
19.340509496382293,187130717.35020167,543764888.2886903,437281159.1924491,463522748.3838827
19.45398367635325,185798299.56952965,542741038.4373337,439090685.01582813,460222345.0589352
19.568083024019522,184475369.12524685,541712155.960711,440896784.14685506,456945441.8962308
19.68281070855474,183161858.45612246,540678330.0309204,442699439.96178347,453691871.54745674
19.798169913388083,181857700.47930107,539639648.9605212,444498636.13006914,450461467.84951746
19.914163836255,180562828.5864681,538596200.2106295,446294356.6110934,447254065.81505513
20.030795699411353,179277176.68483216,537548070.296972,448086585.69490314,444069501.7300515
20.148068754114238,178000679.21282515,536495344.753505,449875308.01812065,440907613.19102204
20.26598622948247,176733270.9105328,535438108.65444803,451660508.3389699,437768238.55619764
20.38455138685373,175474887.0553352,534376446.0771523,453442171.7691935,434651217.50821507
20.50376750291485,174225463.38345775,533310440.28007346,455220283.69749594,431556390.8663644
20.62363786979767,172984936.08633462,532240173.71041244,456994829.78646296,428483600.5775841
20.744165795174876,171753241.80697244,531165728.011757,458765795.9694808,425432689.7074556
20.86535460235585,170530317.63631466,530087184.0317235,460533168.447655,422403502.4312
20.987207620308205,169316101.221257,529004621.57592314,462296933.7959774,419395884.29372996
21.10972820330179,168110530.5443625,527918119.9078319,464057078.7482617,416409681.67856854
21.232919723025443,166913544.00865588,526827757.5555161,465813590.2805889,413444742.0119433
21.35678556391039,165725080.4868805,525733612.1991011,467566455.65998065,410500913.8812419
21.481329126192644,164545079.2849836,524635760.75311273,469315662.40914714,407578046.94677806
21.606553825991554,163373480.13867247,523534279.37368137,471061198.30359536,404675991.93325
21.732463095388216,162210223.20997113,522429243.46574545,472803051.368736,401794600.6212008
21.859060374815527,161055249.0940823,521320727.666895,474541209.8870337,398933725.8643178
21.986349058281423,159908498.88947177,520208805.6879034,476275662.4667631,396093221.7652554
22.114332645908313,158769913.99006605,519093550.7831675,478006397.83998066,393272943.15468764
22.243014615321986,157639436.2543042,517975035.3669015,479733405.0277195,390472746.0152811
22.372398457246014,156517007.95408905,516853331.1282529,481456673.2907075,387692487.3537891
22.50248767534661,155402571.77165648,515728509.03779596,483176192.12678033,384932025.1932963
22.633285781942583,154296070.8024138,514600639.3405454,484891951.27407205,382191218.58096117
22.764796287354592,153197448.5669603,513469791.52823454,486603940.7230934,379469927.619601
22.897022738132826,152106648.95254976,512336034.4709391,488312150.6605112,376768013.3160702
23.029968682366977,151023616.25981236,511199436.3109858,490016571.51481736,374085337.7029481
23.163637679333547,149948295.18547398,510060064.5014027,491717193.94004464,371421763.7940426
23.298033299270863,148880630.8193266,508917985.81218493,493414008.81327695,368777155.576896
23.43315913397295,147820568.6417274,507773266.3353812,495107007.23266095,366151378.0067428
23.569018998269907,146768054.5253669,506625971.48067945,496796180.519441,363544297.01162624
23.70561701599505,145723034.7262007,505476165.9953113,498481520.2096237,360955779.4661728
23.842956715820492,144685455.8786504,504323913.97260696,500163018.0510895,358385693.1828387
23.981041597023562,143655265.02943227,503169278.79387385,501840666.0222791,355833906.99603254
24.11987532367966,142632409.60952407,502012323.17756903,503514456.315932,353300290.692194
24.25946156895565,141616837.4692276,500853109.11991173,505184381.35779846,350784715.09658605
24.399804081458882,140608496.6022228,499691698.37071335,506850433.6528821,348287051.38944036
24.540906667018735,139607335.69022435,498528151.4973458,508512606.0864982,345807172.45511436
24.68277309238,138613303.39224622,497362529.1072991,510170891.53056365,343344951.1218486
24.825407166590743,137626348.94392654,496194890.8181022,511825283.1749471,340900261.6460945
24.968812713332568,136646422.32818386,495025294.9688277,513475774.61811376,338472980.13537365
25.112993539594232,135673472.94756272,493853800.8929424,515122359.14005214,336062981.25960207
25.257953488716502,134707451.6153137,492680465.51276535,516765030.790321,333670143.18304676
25.40369639589213,133748308.52650131,491505346.80826104,518403783.2804335,331294342.538709
25.55022614577748,132795995.0798609,490328500.7067779,520038610.9749376,328935458.94110215
25.697546642235174,131850462.39668757,489149983.61059725,521669508.08646375,326593371.3175115
25.845661838838517,130911662.24673302,487969850.8180381,523296469.17803144,324267960.2014555
25.994575649199508,129979546.57762359,486788157.3288726,524919488.90548486,321959106.56704587
26.144292006318302,129054067.78606485,485604957.38056546,526538562.1656133,319666692.50076544
26.294814868095006,128135178.48533559,484420304.8465452,528153683.96863854,317390600.62554914
26.446148223291456,127222831.9118919,483234252.54550165,529764849.6567531,315130715.1079435
26.59829608206205,126316981.59523404,482046852.8015836,531372054.7271469,312886920.84036696
26.751262467231236,125417581.25638703,480858157.6214283,532975294.77392274,310659103.18964404
26.905051424225444,124524585.13001965,479668218.14249855,534574565.6646685,308447148.7948973
27.059666992321308,123637947.51480478,478477085.4039393,536169863.29336745,306250944.453787
27.215113243481813,122757623.19563301,477284809.6231542,537761183.8120978,304070378.1683363
27.37139425252374,121883567.16686645,476091440.6737818,539348523.4762403,301905338.4594298
27.528514122712657,121015734.79629692,474897027.80310655,540931878.7357332,299755714.7729389
27.686476984247356,120154081.80045556,473701619.68081063,542511246.2165631,297621397.4185635
27.84528695875203,119298564.10815512,472505264.61388147,544086622.6604189,295502277.23182523
28.00494819227418,118449137.99124251,471308010.3386291,545658004.9840999,293398245.89794254
28.165464902365496,117605760.13187715,470109903.9291735,547225390.298157,291309196.1184798
28.326841278111143,116768387.43908085,468910992.0616055,548788775.844808,289235021.1569398
28.489081532684565,115936977.14517798,467711320.87511677,550348159.0305758,287175615.07764673
28.652189902937153,115111486.79301487,466510936.00514746,551903537.4106213,285130872.7140888
28.816170644159016,114291874.21526718,465309882.6267663,553454908.6712916,283100689.61766267
28.98102803210492,113478097.59317453,464108205.30264646,555002270.7018814,281084962.2031586
29.146766361259854,112670115.40625542,462905948.1132183,556545621.533196,279083587.6242048
29.313389928413482,111867886.32350229,461703154.8637149,558084959.2619814,277096463.5037572
29.480903061253965,111071369.41037595,460499868.67465943,559620282.2067083,275123488.44682497
29.6493101056746,110280524.03691714,459296132.16365534,561151588.8384161,273164561.8128627
29.818615424244626,109495309.82278697,458091987.5526577,562678877.7404739,271219583.57963574
29.988823399313056,108715686.59434585,456887476.75071454,564202147.5779485,269288454.236904
30.15993842881699,107941614.60562667,455682640.92515093,565721397.2574841,267371075.3337738
30.33196492974433,107173054.35579403,454477520.85580325,567236625.7952305,265467349.0265432
30.504907354493458,106409966.50975938,453272157.09262145,568747832.2566756,263577177.88206616
30.678770160414622,105652312.12307112,452066589.51299375,570255015.9241722,261700465.4348053
30.853557822615585,104900052.54736455,450860857.5078594,571758176.2265058,259837115.9526316
31.02927483809695,104153149.3998288,449655000.0418104,573257312.7161489,257987034.36119375
31.205925730440057,103411564.46810485,448449055.8429284,574752424.9963881,256150126.00835034
31.383515039584083,102675259.867494,447243063.08977133,576243512.8411745,254326297.05357555
31.562047320637948,101944198.0592294,446037059.3749919,577730576.209054,252515454.51321796
31.74152715078613,101218341.74427684,444831081.9167895,579213615.1622036,250717505.9974446
31.921959126988597,100497653.80985846,443625167.6653502,580692629.8256902,248932359.5777803
32.10334786578847,99782097.39620821,442419353.1699564,582167620.4383439,247159923.9524609
32.28569800290147,99071636.03900878,441213674.2954385,583638587.4613049,245400108.79924998
32.469014193735816,98366233.4889996,440008166.5812805,585105531.4405516,243652824.32860756
32.653301114850436,97665853.70490052,438802865.2549623,586568453.0020806,241917981.26616168
32.83856346457659,96970460.82919618,437597805.27988017,588027352.833672,240195490.7927266
33.024805956671216,96280019.43534772,436393020.8661398,589482231.8710402,238485265.1566466
33.21203332634122,95594494.29313892,435188545.93491304,590933091.1211386,236787217.092558
33.40025032957959,94913850.41392703,433984414.0286326,592379931.6964328,235101259.93347526
33.589461751325054,94238052.88381122,432780658.63912857,593822754.6908195,233427307.1975489
33.77967238344235,93567067.31384735,431577312.3221143,595261561.5144728,231765273.70324886
33.970887043363994,92900859.45889977,430374407.44685453,596696353.6103665,230115074.62525934
34.16311056975257,92239395.31541671,429171976.003688,598127132.5271221,228476625.7366685
34.356347837103,91582640.92524466,427970049.9880109,599553899.7745494,226849842.9230162
34.55060371814908,90930562.87841302,426768660.41626555,600976657.19382,225234643.42769313
34.74588311513045,90283127.8937829,425567838.14669585,602395406.6486956,223630944.8132067
34.94219095136568,89640302.93125415,424367613.6597578,603810150.1081294,222038665.23911792
35.13953217139904,89002055.18915506,423168017.06324697,605220889.6443299,220457723.45557603
35.33791173688716,88368352.08052589,421969078.13823724,606627627.4156672,218888038.74457246
35.537334615196784,87739161.17329392,420770826.4548418,608030365.6236446,217329530.77175412
35.73780582069679,87114450.3914961,419573290.9831955,609429106.657357,215782120.08485314
35.93933037810259,86494187.83034816,418376500.451128,610823852.9606115,214245727.6556118
36.14191333303609,85878341.80522111,417180483.2495402,612214607.0670413,212720275.00109786
36.3455597520973,85266880.84865692,415985267.43825334,613601371.5979016,211205684.1763122
36.55027473106288,84659773.75907166,414790880.6486805,614984149.2994736,209701877.89482692
36.756063398087,84056989.61767337,413597350.04994786,616362943.0561118,208208779.5706905
36.96293087860758,83458497.56183259,412404702.80118716,617737755.7166566,206726312.7570665
37.17088233120379,82864267.00969131,411212965.6030618,619108590.2666382,205254401.7025899
37.3799229370254,82274267.58949664,410022164.838725,620475449.7742063,203792971.17632714
37.59005789995186,81688469.13717388,408832326.5785568,621838337.3883525,202341946.46176398
37.801292444178145,81106841.79892817,407643476.3762135,623197256.416872,200901253.61095053
38.01363181617862,80529355.95515703,406455639.4197266,624552210.2686614,199470819.25603208
38.227081289588256,79955982.02529727,405268840.9191785,625903202.3056247,198050570.12585455
38.44164615912785,79386690.71982545,404083105.6059038,627250236.0340571,196640433.67017022
38.657331742766395,78821452.95607406,402898457.89967364,628593315.0407978,195240337.8511142
38.874143381860655,78260239.85660031,401714921.91185236,629932442.992057,193850211.13916394
39.092086414629364,77703022.8012807,400532521.34066284,631267623.6739076,192469982.64217758
39.311166211804554,77149773.3541302,399351279.6180269,632598860.9356253,191099581.9241248
39.53138818710601,76600463.24084792,398171219.9545391,633926158.6723642,189738938.94946772
39.75275776348692,76055064.41547622,396992365.20548344,635249520.8769463,188387984.24827525
39.97528038579365,75513549.03354338,395814737.924648,636568951.6191238,187046648.84969762
40.19896152075253,74975889.4507403,394638360.36686367,637884455.0446451,185714864.27868852
40.423806663635155,74442058.1965738,393463254.5373986,639196035.357525,184392562.4907444
40.649821326596516,73912028.01668863,392289442.1127694,640503696.8484045,183079675.97673607
40.87701104240512,73385771.85751879,391116944.46954226,641807443.8842024,181776137.72488976
41.10538136787765,72863262.8520452,389945782.7110618,643107280.8985099,180481881.18550926
41.334937882083594,72344474.32514977,388775977.65748584,644403212.3951381,179196840.28423783
41.56568618636244,71829379.7921783,387607549.8485366,645695242.9471077,177920949.41849816
41.79763196952874,71317952.92474857,386440519.60650325,646983377.1744857,176654143.37279946
42.0307808669721,70810167.62011969,385274906.9087465,648267619.7890985,175396357.4905652
42.26513855155738,70305997.95408933,384110731.4744508,649547975.5640326,174147527.55745935
42.5007107292102,69805418.18178324,382948012.7632793,650824449.3340611,172907589.80334225
42.73750313034288,69308402.74053511,381786769.9701839,652097045.9974216,171676480.90940383
42.97552150999824,68814926.2483859,380627022.0282738,653365770.5147635,170454138.00444666
43.214771647993494,68324963.50258312,379468787.61168367,654630627.9080957,169240498.66116843
43.455259324634206,67838489.51261495,378312085.0635239,655891623.2907997,168035500.97798762
43.696990374497815,67355479.42288293,377156932.563242,657148761.7983717,166839083.38750374
43.939970650518376,66875908.56217549,376003348.0189102,658402048.6332219,165651184.77904317
44.18420602743991,66399752.43748886,374851349.08024335,659651489.0594143,164471744.48335364
44.429702404721795,65926986.72862266,373700953.1499351,660897088.3981031,163300702.25921738
44.676465706636314,65457587.286744535,372552177.38638425,662138852.0265408,162137998.28989595
44.924501882366336,64991530.1329549,371405038.70642096,663376785.3770833,160983573.1795748
45.173816861605594,64528791.528797925,370259553.6390849,664610893.9954312,159837368.12801936
45.4244166538052,64069347.814515345,369115738.6602378,665841183.4076538,158699324.52992934
45.67630727909981,63613175.519452386,367973609.96374875,667067659.211274,157569384.2484143
45.92949477731312,63160251.346219525,366833183.4940382,668290327.0624174,156447489.57576257
46.183985212284774,62710552.16241904,365694474.9629611,669509192.6691889,155333583.21294755
46.43978467188597,62264054.99934223,364557499.85225815,670724261.79079,154227608.26640096
46.696899268034876,61820737.050666966,363422273.4160082,671935540.2366338,153129508.24478668
46.95533517485294,61380575.72368954,362288810.5734718,673143033.9093642,152039227.18590212
47.21509854250437,60943548.51932383,361157126.15919316,674346748.7047778,150956709.3594357
47.476195559374275,60509633.11642103,360027234.7468108,675546690.5824934,149881899.47582725
47.7386324420799,60078807.356686875,358899150.68025887,676742865.553552,148814742.64890775
48.002415432519534,59651049.23929314,357772888.0847448,677935279.6761191,147755184.3825522
48.26755079795673,59226336.91966931,356648460.86900324,679123939.0546786,146703170.56768644
48.53404483110435,58804648.70829436,355525882.7275508,680308849.8392291,145658647.47929436
48.80190390514602,58385963.09262557,354405167.09226525,681490018.245662,144621561.83073586
49.07113434804564,57970258.68291993,353286327.25065726,682667450.5064585,143591860.63954607
49.34174253614404,57557514.250409156,352169376.26186746,683841152.9059429,142569491.32199496
49.61373487655501,57147708.71864195,351054326.9752363,685011131.7726569,141554401.67164236
49.88711780388779,56740821.16086007,349941192.0356598,686177393.4772588,140546539.8528382
50.1618977804274,56336830.79883067,348829983.88575536,687339944.4317555,139545854.3978303
50.43808129631512,55935717.001678534,347720714.7680271,688498791.0887351,138552294.20387194
50.71567481174469,55537459.30422029,346613396.6838369,689653939.9588245,137565808.57863542
50.994684891564155,55142037.3605868,345508041.49570745,690805397.56767,136586347.12533504
51.27511810272508,54749430.977606975,344404660.85295844,691953170.4874595,135613859.82541865
51.55698103645826,54359620.10624249,343303266.2102576,693097265.3292425,134648297.01735133
51.84028031107736,53972584.83953773,342203868.83174044,694237688.7413368,133689609.39153765
52.12502257206005,53588305.41148562,341106479.79310286,695374447.4085923,132737747.98751207
52.41121449212939,53206762.19589315,340011109.9836926,696507548.0516539,131792664.19112904
52.69886268667992,52827935.73782226,338917770.0396642,697636997.454196,130854309.81244195
52.98797391245801,52451806.67603488,337826470.5077961,698762802.3965671,129922636.8935996
53.2785549119946,52078355.80175192,336737221.720833,699884969.7064807,128997597.854392
53.5706124504714,51707564.043364115,335650033.82953364,701003506.2461243,128079145.45437944
53.864153318332775,51339412.46432394,334564916.8068228,702118418.910587,127167232.78767048
54.15918433122578,50973882.262065604,333481880.44976866,703229714.6271695,126261813.28024693
54.45571232994025,50610954.76692505,332400934.3815597,704337400.3546937,125362840.68728861
54.75374427452131,50250611.4804255,331322087.9713964,705441483.1156746,124470269.18800712
55.05328702076923,49892833.98079577,330245350.5312296,706541969.9176611,123584053.15161364
55.35434749939311,49537603.99680452,329170731.1615265,707638867.8150815,122704147.32020725
55.65693267002526,49184903.38748252,328098238.7932784,708732183.892529,121830506.75854667
55.96104951973833,48834714.140447795,327027882.1912182,709821925.2635745,120963086.84990175
56.266705063138716,48487018.37088964,325959669.9556636,710908099.07013,120101843.29353677
56.57390634245987,48141798.320552826,324893610.52436095,711990712.4818126,119246732.10219431
56.88266058847536,47799036.391243875,323829712.102293,713069772.7241632,118397709.68509077
57.19297483488409,47458715.06101713,322767982.83629084,714145287.008803,117554732.64030828
57.50485623443132,47120816.95099894,321708430.67532057,715217262.5895016,116717757.92031898
57.81831197233763,46785324.80576777,320651063.41114557,716285706.7459904,115886742.78338626
58.13334926625299,46452221.49230852,319595888.68023294,717350626.7833008,115061644.79097481
58.449975366605855,46121489.99905143,318542913.96548176,718412030.0311737,114242421.80536966
58.76819755527829,45793113.435226634,317492146.5972907,719469923.8437353,113429031.98807779
59.08802300645876,45467075.05620987,316443593.70016754,720524315.6210698,112621433.86260873
59.409459128557984,45143358.19814745,315397262.3294219,721575212.754359,111819586.15254174
59.732513281875605,44821946.33030455,314353159.36119753,722622622.6702058,111023447.91119166
60.057192857566456,44502823.03927815,313311291.5252653,723666552.8175523,110232978.48250465
60.383505277759994,44185972.02807931,312271665.40666103,724707010.6671259,109448137.49878488
60.71145799567969,43871377.11521542,311234287.44732416,725744003.7108849,108668884.87842137
61.041058489764524,43559022.23417603,310199163.9468928,726777539.4618022,107895180.82461432
61.37231403043865,43248891.448220514,309166301.0315619,727807625.4664458,107126985.86200383
61.70523222009861,42940968.91312517,308135704.7315605,728834269.2740363,106364260.74439524
62.039820566858765,42635238.90496198,307107380.9228941,729857478.4598932,105606966.52356647
62.3760865973785,42331685.81159524,306081335.3448155,730877260.6185359,104855064.52820535
62.71403785595888,42030294.13183253,305057573.60131913,731893623.3631876,104108516.36180665
63.05368196535857,41731048.4782996,304036101.1549618,732906574.3283175,103367283.90979317
63.39502654255549,41433933.5715636,303016923.3387187,733916121.1650412,102631329.32495892
63.73807918333518,41138934.23840888,302000045.35928196,734922271.539909,101900615.0231981
64.08284752858593,40846035.4150423,300985472.29019964,735925033.1377192,101175103.69144492
64.42933923847492,40555222.144740745,299973209.0764685,736924413.6597936,100454758.28184636
64.77756206439405,40266479.57710847,298963260.535814,737920420.8235652,99739542.00992285
65.12752490553316,39979792.96859864,297955631.3574239,738913062.3631493,99029418.35586265
65.47923559992611,39695147.680583544,296950326.10563517,739902346.0279942,98324351.05973615
65.8327015745362,39412529.17671491,295947349.2238516,740888279.5818975,97624304.11495917
66.1879306192451,39131923.03203124,294946705.02384305,741870870.8042318,96929241.79085384
66.54493068885667,38853314.9233177,293948397.6974151,742850127.4883823,96239128.6087696
66.90370981835483,38576690.64318645,292952431.30024326,743826057.4433526,95553929.37695973
67.26427601760848,38302036.04266124,291958809.8196933,744798668.4857595,94873609.04836318
67.62663728930131,38029337.10201315,290967537.09205276,745767968.449014,94198132.8960648
67.99080169033674,37758579.88386541,289978616.85783863,746733965.1768473,93527466.39713614
68.35677732425599,37489750.56197902,288992052.7285957,747696666.5267107,92861575.30393732
68.72457232648871,37222835.382768825,288007848.2314766,748656080.3650845,92200425.54879236
69.09419484106198,36957820.69068705,287026006.78154427,749612214.5692583,91543983.30686417
69.46565306442506,36694692.99493807,286046531.6024986,750565077.0369918,90892215.16140717
69.83895523620325,36433438.84586874,285069425.87327266,751514675.6688325,90245087.79758607
70.21410963655994,36174044.948456034,284094692.59349924,752461018.3843049,89602568.28358482
70.59112455404669,35916498.03584708,283122334.7345931,753404113.1029704,88964623.7573649
70.97000832705636,35660784.977701575,282152355.1099424,754343967.7609397,88331221.69502991
71.35076930522919,35406892.70468625,281184756.4674253,755280590.2977871,87702329.72379811
71.73341587731095,35154808.24973146,280219541.4379388,756213988.6644081,87077915.72419508
72.11795646483972,34904518.74741841,279256712.5419564,757144170.8184465,86457947.82853583
72.50439951112651,34656011.40417688,278296272.21468925,758071144.7278643,85842394.34710458
72.89275349104186,34409273.522129714,277338222.78499234,758994918.3688259,85231223.8272176
73.28302694907754,34164292.50999255,276382566.47109115,759915499.7206007,84624405.08022195
73.67522842967281,33921055.854177445,275429305.39690274,760832896.7752366,84021907.10991889
74.06936651281048,33679551.1335561,274478441.5836976,761747117.5326176,83423699.14913255
74.46544982672418,33439766.01330383,273529976.96526617,762658169.9935327,82829750.64446145
74.86348703421766,33201688.24873496,272583913.3760234,763566062.1658756,82240031.2657787
75.2634868214312,32965305.690815005,271640252.5374906,764470802.0708038,81654510.91988578
75.66545791200241,32730606.27055909,270698996.09013414,765372397.7302476,81073159.71186727
76.06940906005919,32497577.989104178,269760145.6077912,766270857.1634512,80495947.9204998
76.47534905828196,32266208.961895116,268823702.5250427,767166188.4088492,79922846.10770102
76.88328673175347,32036487.38441171,267889668.19362763,768058399.5070362,79353825.03363548
77.29323092765203,31808401.496802278,266958043.93755198,768947498.4855784,78788855.56911168
77.70519053919475,31581939.672892407,266028830.91282672,769833493.3984411,78227908.91605727
78.1191744877361,31357090.35363696,265102030.212336,770716392.2965105,77670956.44267933
78.53519174057212,31133842.033033714,264177642.8894584,771596203.2202593,77117969.6485724
78.95325128833595,30912183.316728473,263255669.8631855,772472934.227652,76568920.30988353
79.3733621539872,30692102.896888085,262336111.95875642,773346593.3822151,76023780.41707276
79.79553339676434,30473589.54042311,261418969.9266857,774217188.7474611,75482522.1457405
80.21977410942871,30256632.09498875,260504244.4330194,775084728.3897666,74945117.87149192
80.64609342538664,30041219.480666444,259591936.07404533,775949220.3734556,74411540.14933227
81.0745005182903,29827340.689278916,258682045.3773218,776810672.7605361,73881761.71197018
81.50500457904471,29614984.80663679,257774572.76160452,777669093.6244111,73355755.52492262
81.9376148400295,29404140.986865018,256869518.58266369,778524491.0343851,72833494.72292137
82.37234056772952,29194798.458792157,255966883.12163377,779376873.0597101,72314952.62573934
82.809191063433,28986946.526048172,255066666.58493608,780226247.7695702,71800102.73843269
83.24817569259545,28780574.612110212,254168869.03525925,781072623.2515231,71288918.86291963
83.6893038170456,28575672.15300643,253273490.5562079,781916007.5673823,70781374.8322071
84.1325848483466,28372228.67998867,252380531.1255688,782756408.787111,70277444.71517149
84.57802823367504,28170233.796394866,251489990.65087393,783593834.9792634,69777102.75924669
85.02564345591712,27969677.176803216,250601868.9707709,784428294.2105817,69280323.38832895
85.4754400439423,27770548.606281158,249716165.79172626,785259794.5644938,68787081.29999681
85.92742755756838,27572837.91993087,248832880.78553674,786088344.1126086,68297351.31576495
86.38161558847665,27376535.005269676,247952013.585496,786913950.9158332,67811108.38698058
86.83801376882276,27181629.83492924,247073563.7336624,787736623.0397834,67328327.67581944
87.29663176791533,26988112.452345792,246197530.7039447,788556368.5480324,66848984.51984038
87.75747928649203,26795972.977332808,245323913.8924902,789373195.5052184,66373054.44578897
88.22056604987795,26605201.612817727,244452712.60607517,790187111.9807924,65900513.18628431
88.6859018428234,26415788.60817588,243583926.12495956,790998126.0288737,65431336.58899716
89.15349647735022,26227724.292325854,242717553.64605594,791806245.7065077,64965500.698627144
89.62335980209085,26040999.06361643,241853594.3002282,792611479.0681384,64502981.731852695
90.09550170235026,25855603.389374297,240992047.1530162,793413834.1653994,64043756.076210834
90.56993209163657,25671527.796814125,240132911.2170435,794213319.0445614,63587800.26758122
91.04666092976758,25488762.890855853,239276185.4280305,795009941.7512778,63135091.03431979
91.52569821024682,25307299.340828627,238421868.6628918,795803710.326892,62685605.26432429
92.00705396256873,25127127.88228952,237569959.73738876,796594632.8088437,62239320.00953925
92.4907382526742,24948239.31696983,236720457.40631473,797382717.2305675,61796212.485822976
92.9767612022059,24770624.50631054,235873360.37293625,798167971.6192037,61356260.05693496
93.46513296254943,24594274.37903877,235028667.27806833,798950403.9981737,60919440.25330261
93.9558637044993,24419179.933891974,234186376.6961887,799730022.3880733,60485730.77876917
94.44896364735013,24245332.23009902,233346487.14930815,800506834.8033257,60055109.4870153
94.94444304801436,24072722.39027465,232508997.10283726,801280849.253134,59627554.38872873
95.44231220110996,23901341.5999074,231673904.9663939,802052073.7412549,59203043.65033576
95.94258143904804,23731181.106847383,230841209.09461042,802820516.2657708,58781555.59273256
96.44526115377367,23562232.227204844,230010907.77554038,803586184.8234705,58363068.70589589
96.95036175762134,23394486.333223034,229182999.2539347,804349087.4012737,57947561.61884412
97.45789369567186,23227934.85639851,228357481.72502223,805109231.9786143,57535013.107366286
97.96786745892169,23062569.290841937,227534353.32782525,805866626.5299975,57125402.102346756
98.48029357753084,22898381.190740887,226713612.14988405,806621279.0233165,56718707.68348064
98.99518262096696,22735362.16986463,225895256.22803232,807373197.419638,56314909.0780471
99.51254519814982,22573503.90106871,225079283.54917166,808122389.6729866,55913985.6596822
100.0323919371276,22412798.135216918,224265692.01617524,808868863.7420182,55515916.99524866
100.55473352870668,22253236.659433074,223454479.5227491,809612627.5645477,55120682.741425455
101.07958069963904,22094811.32217882,222645643.90827984,810353689.072991,54728262.70682555
101.60694421301889,21937514.03251873,221839182.9590403,811092056.1940036,54338636.850175604
102.13683487139788,21781336.756806843,221035094.41402543,811827736.8465394,53951785.27210842
102.66926351688618,21626271.518232338,220233375.96565348,812560738.9416612,53567688.2140377
103.20424103125355,21472310.396365296,219434025.2604675,813291070.3823506,53186326.05703278
103.74177832622966,21319445.54548947,218637039.8650785,814018739.075603,52807679.36722905
104.2818863666467,21167669.149980083,217842417.34858155,814743752.903356,52431728.78529855
104.82457615230169,21016973.458811052,217050155.21857506,815466119.7451609,52058455.111924514
105.36985872256147,20867350.77646749,216260250.93783417,816185847.4723474,51687839.28529162
105.91774515667129,20718793.46209351,215472701.92574844,816902943.9475733,51319862.37897504
106.46824657383897,20571293.92907078,214687505.55896187,817617417.0246565,50954505.60089657
107.02137413499382,20424844.645384498,213904659.1704266,818329274.5490212,50591750.29423115
107.57713905787853,20279438.140254796,213124160.0358257,819038524.363041,50231577.95383286
108.1355525748937,20135066.98386517,212346005.41422853,819745174.2903587,49873970.176022165
108.69662596960472,19991723.804057937,211570192.51422638,820449232.1490936,49518908.699940614
109.26037056650769,19849401.28106379,210796718.50434738,821150705.7478842,49166375.39449595
109.82679773114769,19708092.147096768,210025580.51366442,821849602.8857316,48816352.25735886
110.39591887023757,19567789.185949102,209256775.63240254,822545931.3518445,48468821.41395936
110.96774543324247,19428485.23397486,208490300.9096957,823239698.926608,48123765.11992335
111.54228891519716,19290173.18224151,207726153.34894612,823930913.383498,47781165.766402
112.11956084483114,19152845.96476303,206964329.93175513,824619582.4797245,47441005.850925095
112.69957279609159,19016496.568898562,206204827.5963531,825305713.9648254,47103268.00315862
113.28233638489,18881118.031752907,205447643.24476433,825989315.577923,46767934.975988716
113.86786326923355,18746703.43978349,204692773.74338967,826670395.0475789,46434989.64454814
114.45616514935631,18613245.928407364,203940215.92358953,827348960.0916475,46104415.00524281
115.04725375532914,18480738.68642152,203189966.57319415,828025018.4204066,45776194.1867009
115.6411408518891,18349174.953803834,202442022.44049084,828698577.7351815,45450310.44432585
116.23783827855524,18218548.00594994,201696380.26377583,829369645.7177385,45126747.12125102
116.83735790089389,18088851.17206446,200953036.7365328,830038230.0429238,44805487.69389477
117.43971162675206,17960077.82857829,200211988.5196819,830704338.3743042,44486515.75565517
118.04491140635717,17832221.39876774,199473232.24213943,831367978.36403,44169815.01596649
118.65296923241647,17705275.35237376,198736764.50137782,832029157.6526971,43855369.29935607
119.2638971402168,17579233.20522107,198002581.86398533,832687883.8692092,43543162.54450095
119.87770720769026,17454088.520114347,197270680.86385727,833344164.6314802,43233178.80644761
120.49441155490643,17329834.929343164,196541057.9603092,833998007.561343,42925402.31235696
121.1140223458299,17206466.071838357,195813709.65448767,834649420.2433438,42619817.305840254
121.7365517869736,17083975.647273835,195088632.3888801,835298410.2604263,42316408.18096957
122.36201212791708,16962357.39992182,194365822.57711205,835944985.1834288,42015159.442287184
122.99041566140544,16841605.118294448,193645276.6044656,836589152.5709616,41716055.70391774
123.62177472344821,16721712.63478532,192926990.8283975,837230919.9692842,41419081.688680485
124.25610169341874,16602673.825311065,192210961.57905734,837870294.9121823,41124222.2272013
124.8934089941528,16484482.60895293,191497185.15980598,838507284.9208446,40831462.257024996
125.53370910085775,16367132.96829263,190785657.80928484,839141897.5173976,40540786.87298729
126.17701452314866,16250618.906624638,190076375.78076547,839774140.1967809,40252181.22122944
126.82333781391873,16134934.46820176,189369335.30438668,840404020.4402219,39965630.549346626
127.47269157251333,16020073.745099366,188664532.57425317,841031545.7198801,39681120.2233907
128.12508844243627,15906030.871237114,187961963.7593957,841656723.4950148,39398635.71306196
128.78054111145937,15792800.022044847,187261625.0042437,842279561.2118782,39118162.59088157
129.43906231173185,15680375.414128508,186563512.4290985,842900066.3036087,38839686.53136404
130.10066481988952,15568751.30493608,185867622.1306062,843518246.190124,38563193.31018974
130.76536145896807,15457922.001442319,185173950.1654628,844134108.2839754,38288668.825717054
131.43316509714018,15347881.852953985,184482492.56364292,844747659.9857056,38016099.08116084
132.1040886438039,15238625.23066791,183793245.36625695,845358908.670453,37745470.133957796
132.7781450552565,15130146.555162167,183106204.57429162,845967861.7062345,37476768.16386208
133.4553473329051,15022440.286567878,182421366.16673437,846574526.4475645,37209979.44860091
134.13570852338037,14915500.924255103,181738726.10100895,847178910.2353607,36945090.36309648
134.81924171864955,14809323.006518824,181058280.31341168,847781020.3968503,36682087.37868816
135.50596005613008,14703901.110264841,180380024.7195469,848380864.2454773,36420957.06235444
136.19587671705062,14599229.852420408,179703955.21158847,848978449.0819227,36161686.08020707
136.88900491228753,14495303.903672937,179030067.63285154,849573782.2030972,35904261.231521904
137.58535792539442,14392117.945913954,178358357.85597467,850166870.874737,35648669.34332745
138.28494907423493,14289666.709800905,177688821.7136453,850757722.3557973,35394897.363445535
138.9877917223774,14187944.963339327,177021455.01947162,851346343.8911802,35142932.33220937
139.69389927919136,14086947.511585208,176356253.5683884,851932742.7116516,34892761.38172625
140.40328519994432,13986669.196347335,175693213.13706258,852516926.0337583,34644371.73514025
141.1159629858986,13887104.895889608,175032329.4842986,853098901.0597451,34397750.70589491
141.8319461844078,13788249.524633436,174373598.3514443,853678674.9774714,34152885.69699604
142.5512483901,13690098.047581267,173717015.43609035,854256254.9695473,33909764.23673888
143.2738832426325,13592645.448281147,173062576.45005178,854831648.1933752,33668373.89935616
143.99986442815708,13495886.747077975,172410277.08612418,855404861.7926829,33428702.35022653
144.7292056795525,13399817.002649935,171760113.01516125,855975902.8985889,33190737.349680312
145.46192077629513,13304431.30865682,171112079.89202163,856544778.627607,32954466.744697433
146.1980235445576,13209724.79345839,170466173.35594463,857111496.0815732,32719878.46820972
146.93752785730646,13115692.61983282,169822389.03092697,857676062.3475734,32486960.53840356
147.68044763439957,13022329.984695183,169180722.5260994,858238484.4978689,32255701.058022536
148.4267968502088,12929632.127287216,168541169.42086455,858798769.5950303,32026088.234653544
149.17658952568377,12837594.31985072,167903725.28154373,859356924.6863061,31798110.357624758
149.9298397174505,12746211.854961,167268385.68403062,859912956.79594,31571755.76663047
150.68656153622396,12655480.065866483,166635146.17707512,860466872.9377686,31347012.90211247
151.4467691403831,12565394.318863405,166004002.29586995,861018680.1106355,31123870.286372073
152.21047673608453,12475950.013030829,165374949.5623962,861568385.2983297,30902316.522913773
152.97769857737413,12387142.579965858,164747983.48577067,862115995.4695219,30682340.295789357
153.74844896630066,12298967.483518654,164123099.56259152,862661517.5777023,30463930.368941564
154.52274225252435,12211420.222002631,163500293.2728632,863204958.5626152,30247075.591678705
155.30059283118806,12124496.338939374,162879560.06067327,863746325.3568579,30031764.925289884
156.08201515071292,12038191.385054834,162260895.40196133,864285624.8629844,29817987.34890947
156.8670237057947,11952500.952970374,161644294.74241504,864822863.9745919,29605731.94544691
157.65563303963415,11867420.666537398,161029753.516397,865358049.569966,29394987.875168543
158.4478577440463,11782946.180588532,160417267.14726266,865891188.5120277,29185744.37508134
159.24371245956956,11699073.180688819,159806831.04767847,866422287.64828,28977990.75831655
160.04321187557582,11615797.382886784,159198440.6199389,866951353.8107555,28771716.41351312
160.84637073037922,11533114.533465685,158592091.2562849,867478393.8159626,28566910.804201532
161.65320379025562,11451020.422900017,157987778.31410107,868003414.4732289,28363563.503374066
162.46372589699504,11369510.853651661,157385497.17274085,868526422.5657623,28161664.113715865
163.277951936496,11288581.661147501,156785243.19630918,869047424.8631419,27961202.319566485
164.09589684044275,11208228.712475233,156187011.73584569,869566428.1206431,27762167.883689407
164.91757558959077,11128447.903994614,155590798.1334272,870083439.0779184,27564550.641355123
165.7430032138558,11049235.161103006,154996597.7224595,870598464.4589537,27368340.499760356
166.57219479240123,10970586.438001018,154404405.8279695,871111510.9720241,27173527.43744758
167.405165453726,10892497.717458153,153814217.766898,871622585.3096484,26980101.50372452
168.24193037389082,10814965.01804183,153226028.83536196,872131694.1528268,26788052.836570457
169.08250477906006,10737984.384045903,152639834.3261202,872638844.1653533,26597371.63768915
169.9269039471474,10661551.879016435,152055629.53975788,873144041.990192,26408048.156472147
170.775143204359,10585663.599722255,151473409.76018137,873647294.2575812,26220072.724603873
171.62723792661342,10510315.67058169,150893170.26423064,874148607.5819255,26033435.742256682
172.48320353962694,10435504.243441291,150314906.32194796,874647988.5617601,25848127.677542727
173.34305551899752,10361225.497354722,149738613.19684777,875145443.779713,25664139.065966267
174.2068093902902,10287475.63836147,149164286.1461851,875640979.8024688,25481460.50987555
175.07448073393525,10214250.901838627,148591920.416784,876134603.1821685,25300082.684288174
175.94608519735925,10141547.558718463,148021511.2341928,876626320.4599686,25119996.35229208
176.82163844507727,10069361.888546376,147453053.84907565,877116138.1510806,24941192.298309874
177.70115620691908,9997690.204991313,146886543.493067,877604062.7591052,24763661.391288355
178.5846542635481,9926528.847838873,146321975.3924789,878090100.7716472,24587394.564865347
179.47214844656932,9855874.182782708,145759344.76854894,878574258.6602861,24412382.816853017
180.36365463863714,9785722.601215914,145198646.83768755,879056542.880545,24238617.208721146
181.25918877356446,9716070.520022335,144639876.81172532,879536959.8718624,24066088.865080193
182.15876683642983,9646914.381368015,144083029.89816076,880015516.0575608,23894788.973164707
183.06240486927544,9578250.66524053,143528101.27861068,880492217.8517781,23724708.813893277
183.97011895817647,9510075.859499555,142975086.15990898,880967071.6431996,23555839.68768375
184.8819252428679,9442386.481381519,142423979.73722884,881440083.8068819,23388172.967720285
185.7978399154467,9375179.074081203,141874777.19981754,881911260.7024728,23221700.091485966
186.7178792199204,9308450.205269277,141327473.7334228,882380608.6734841,23056412.55709073
187.64205945232166,9242196.466895735,140782064.5205188,882848134.047269,22892301.922784492
188.57039696082128,9176414.474993419,140238544.74053323,883313843.1349994,22729359.80647048
189.50290814584136,9111100.869481564,139696909.57007426,883777742.2316413,22567577.885218576
190.43960943616452,9046252.321149617,139157154.17100924,884239837.619754,22406947.912564237
191.38051732568056,8981865.52050293,138619273.70922995,884700135.5636344,22247461.690879315
192.32564838108055,8917937.175298935,138083263.35871446,885158642.3080888,22089111.06526918
193.27501920687763,8854464.020847457,137549118.2839962,885615364.0839942,21931887.94908654
194.22864645966715,8791442.815582592,137016833.64754978,886070307.1060231,21775784.312962994
195.18654684820288,8728870.340877622,136486404.6099977,886523477.5726278,21620792.184350595
196.14873713347097,8666743.400860067,135957826.33031827,886974881.6660213,21466903.647063695
197.11523412876625,8605058.822226591,135431093.96605244,887424525.5521619,21314110.84082053
198.08605469289805,8543813.45679545,134906202.66893956,887872415.3821461,21162405.967565577
199.06121572132108,8483004.184885954,134383147.57917184,888318557.2940291,21011781.29984052
200.04073419694103,8422627.894916037,133861923.85936595,888762957.4023863,20862229.130247377
201.02462713896531,8362681.503631454,133342526.66067748,889205621.808819,20713741.821556278
202.0129116187794,8303161.949623806,132824951.13352405,889646556.5986918,20566311.79064957
203.0056047599949,8244066.193156224,132309192.42777504,890085767.84112,20419931.50809007
204.00272373849722,8185391.215989057,131795245.69294125,890523261.5889589,20274593.49768927
205.0042857824952,8127134.021205482,131283106.07836379,890959043.8787919,20130290.336075377
206.01030817256824,8069291.633037228,130772768.7334042,891393120.7309185,19987014.652261633
207.0208082896264,8011861.107886022,130264228.7891867,891825498.1549208,19844759.15494664
208.03580349959296,7954839.507190571,129757481.40320586,892256182.1362213,19703516.565305382
209.05531124404945,7898223.918423103,129252521.7246346,892685178.646618,19563279.668998044
210.07934902058446,7842011.450311283,128749344.90209828,893112493.6419797,19424041.304334614
211.10793438023566,7786199.232055198,128247946.08486769,893538133.0619307,19285794.360335343
212.1410849275821,7730784.413162957,127748320.4230315,893962102.8298445,19148531.776323516
213.17881832083478,7675764.16328637,127250463.06766956,894384408.8528368,19012246.541518435
214.2211522719274,7621135.67205663,126754369.171026,894805057.0217595,18876931.694628417
215.268104582354,7566896.155408597,126260033.87612575,895224053.2143217,18742580.339516085
216.3196930824288,7513042.844374337,125767452.33491185,895641403.2897598,18609185.617439874
217.3759356357976,7459572.985721003,125276619.70711291,896057113.0892171,18476740.708634052
218.43685017845743,7406483.848853025,124787531.14892015,896471188.4391446,18345238.84940553
219.50245470158598,7353772.722514435,124300181.81825802,896883635.1497835,18214673.323965475
220.57276725168572,7301436.914633923,123814566.87494138,897294459.0151633,18085037.464045532
221.64780593072592,7249473.752170006,123330681.48083365,897703665.8130994,17956324.648514282
222.7275888962869,7197880.580956077,122848520.80000395,898111261.3051912,17828528.302993458
223.8121343444894,7146654.7683129115,122368079.99443875,898517251.2381114,17701641.906329047
224.9014605017455,7095793.704242994,121889354.22203204,898921641.3442332,17575658.993549623
225.99558571698793,7045294.786471015,121412338.66052793,899324437.3347204,17450573.118811928
227.0945283631597,6995155.43614937,120937028.48219705,899725644.9069257,17326377.894303106
228.19830686847587,6945373.092700495,120463418.86203131,900125269.7420547,17203066.977465246
229.30693971651036,6895945.213670945,119991504.97788729,900523317.5051676,17080634.070633948
230.42044544628305,6846869.274585482,119521282.0106296,900919793.8451815,16959072.920676894
231.53884265234834,6798142.768801093,119052745.14427371,901314704.3948722,16838377.318632245
232.66214998488127,6749763.207361113,118585889.5661297,901708054.7708769,16718541.099347308
233.79038600352334,6701728.12891205,118120710.45099674,902099850.5782228,16599558.166042306
234.92356953950738,6654035.0746462345,117657203.00078781,902490097.3991222,16481422.428243827
236.061719394416,6606681.608890001,117195362.41181247,902878800.8023022,16364127.85278133
237.20485442146324,6559665.313370886,116735183.88377383,903265966.3404939,16247668.449587097
238.35299352751335,6512983.786938783,116276662.62012315,903651599.5503743,16132038.271005545
239.50615567304658,6466634.645428401,115819793.82818907,904035705.9525721,16017231.411452541
240.66435987212338,6420615.521521804,115364572.7193078,904418291.0516742,15903242.007074894
241.82762519234862,6374924.064610937,114910994.50895305,904799360.3362308,15790064.235409843
242.99597077110477,6329557.94660025,114459054.40759027,905178919.2813269,15677692.329758342
244.16941578538683,6284514.850767502,114008747.63798548,905556973.3438375,15566120.551592926
245.3479794598972,6239792.474594719,113560069.43069968,905933527.9637146,15455343.197570078
246.53168107953442,6195388.534204109,113113015.01707768,906308588.5659685,15345354.610518144
247.72053998298446,6151300.761893425,112667579.63301197,906682160.559669,15236149.173332352
248.91457556270814,6107526.906006372,112223758.51905957,907054249.3379544,15127721.308653798
250.11380726492638,6064064.730803097,111781546.92056015,907424860.2780404,15020065.478548663
251.31825458960785,6020912.0163305905,111340940.08775295,907793998.7412305,14913176.184187194
252.5279371673308,5978066.561000899,110901933.27173083,908161670.0740442,14807047.972230097
253.74287475145985,5935526.181186502,110464521.72498083,908527879.6081127,14701675.433826288
254.96308692006963,5893288.700592293,110028700.7176443,908892632.6558471,14597053.178286606
256.1885934205316,5851351.962263672,109594465.51897126,909255934.5154661,14493175.862828627
257.41941405791914,5809713.824526759,109161811.40348077,909617790.4693816,14390038.182520343
258.6555686952049,5768372.160866332,108730733.65106696,909978205.7842096,14287634.869977787
259.8970772534593,5727324.859803744,108301227.54710531,910337185.7107836,14185960.695062654
261.14395971204937,5686569.824774791,107873288.38255815,910694735.4841665,14085010.464579776
262.3962361112352,5646104.974215607,107446911.45376624,911050860.3237451,13984779.022489877
263.65392664302715,5605928.249298445,107022092.05065626,911405565.436351,13885261.269071005
264.9170514149423,5566037.593315677,106598825.48787789,911758856.0081669,13786452.109852955
266.18563065352055,5526430.969180644,106177107.07822616,912110737.2117096,13688346.49896666
267.4596846461063,5487106.354242067,105756932.14041385,912461214.203839,13590939.426299544
268.73923374112655,5448061.740169033,105338295.99916731,912810292.1257735,13494225.917210639
270.02429834837176,5409295.132835903,104921193.98532121,913157976.1031063,13398201.032245489
271.31489893927414,5370804.552207297,104505621.43591444,913504271.2458185,13302859.866851276
272.61105604718824,5332588.032223007,104091573.69428493,913849182.6482961,13208197.551091736
273.9127898384926,5294643.626079318,103679046.10212328,914192715.3913801,13114209.262728037
275.22012096360015,5256969.395417108,103268034.01550913,914534874.5383462,13020890.2004396
276.53307020302026,5219563.414660611,102858532.79836884,914875665.1366011,12928235.59457043
277.85165825581015,5182423.773565849,102450537.81860203,915215092.2187014,12836240.713441104
279.17590587412417,5145548.575417293,102044044.45069236,915553160.8017325,12744900.858882194
280.5058338629645,5108935.936919466,101639048.07579315,915889875.8873264,12654211.365965784
281.8414630799315,5072583.988088551,101235544.08181298,916225242.4616785,12564167.602736965
283.1828144349763,5036490.872143947,100833527.86350065,916559265.4955666,12474764.969945222
284.5299089557554,5000654.748016385,100432994.81869641,916891949.9453043,12385998.907257393
285.88276775146016,4965073.788806782,100033940.35051663,917223300.7522469,12297864.889440041
287.2414118313418,4929746.174450134,99636359.87803242,917553322.8402194,12210358.408186974
288.60586233651594,4894670.100861994,99240248.82279116,917882021.1188495,12123474.994776286
289.97614046219155,4859843.776738212,98845602.61343302,918209400.4824779,12037210.21214291
291.35226745757797,4825265.423452826,98452416.68576752,918535465.8101777,11951559.65462569
292.73426462579397,4790933.274955875,98060686.48284946,918860221.9657749,11866518.947714256
294.1221533237756,4756845.577671269,97670407.45505528,919183673.7978681,11782083.74779606
295.5159549833534,4723000.590848126,97281575.05950658,919505826.1400019,11698249.74302669
296.91569137340167,4689396.592075952,96894184.75205778,919826683.8125873,11615012.666991668
298.32138385698715,4656031.86127212,96508232.01028131,920146251.6175386,11532368.259041447
299.7330540463069,4622904.694610866,96123712.3133408,920464534.343041,11450312.298795294
301.1507236120643,4590013.400339836,95740621.14794393,920781536.7621889,11368840.595778363
302.574414283652,4557356.298683847,95358954.00841032,921097263.6330084,11287948.989183307
304.0041478493362,4524931.721748596,94978706.3967389,921411719.698479,11207633.347631766
305.4399461564388,4492738.013424439,94599873.82267615,921724909.6865559,11127889.568936039
306.8818311115215,4460773.529290108,94222451.80378339,922036838.310191,11048713.579860574
308.32982467142284,4429036.641385721,93846435.85862207,922347510.2689048,10970101.347944394
309.7839488626109,4397525.727910536,93471821.52124779,922656930.2455612,10892048.855983127
311.2442257712151,4366239.17853182,93098604.33363761,922965102.9081093,10814552.11517871
312.71067754090444,4335175.395515148,92726779.84402443,923272032.9099944,10737607.167939046
314.1833263753018,4304332.79244087,92356343.60864262,923577724.8898036,10661210.084698785
315.6621945381565,4273709.794113422,91987291.19178802,923882183.4712889,10585356.963694684
317.1473043535162,4243304.836470636,91619618.16587801,924185413.2633904,10510043.930740958
318.63867820590144,4213116.366493002,91253320.11151108,924487418.8602611,10435267.139004542
320.1363384332969,4183142.844595364,90888392.61408442,924788204.842028,10361022.77492898
321.6403074234638,4153382.7423095554,90524831.26694141,925087775.7741549,10287307.052494617
323.1506078165585,4123834.5375049016,90162631.67793469,925386136.2060689,10214116.201380378
324.6672622055995,4094496.7212389116,89801789.4598592,925683290.6732504,10141446.483932039
326.1902932406317,4065367.795258078,89442300.23385204,925979243.6965411,10069294.18897202
327.7197236286711,4036446.2719124383,89084159.62944551,926273999.7821677,9997655.631587753
329.25557613365294,4007730.6740700775,88727363.28461936,926567563.4217681,9926527.152919905
330.7978735763786,3979219.535031668,88371906.84585369,926859939.0924165,9855905.119950686
332.34663882527434,3950911.399064006,88017785.96733995,927151131.2568198,9785785.926825443
333.90189473881395,3922804.8251905777,87664996.30576257,927441144.3644158,9716166.004242027
335.4636643471731,3894898.374862717,87313533.53700064,927729982.8480093,9647041.788911832
337.0319706871344,3867190.6229945584,86963393.34105852,928017651.1268762,9578409.750893747
338.606836850707,3839680.154598017,86614571.40657829,928304153.6058804,9510266.385258894
340.18828598499977,3812365.564702264,86267063.43088578,928589494.6755,9442608.211891163
341.7763412920962,3785245.4582731575,85920865.12003615,928873678.7118548,9375431.775287645
343.3710260289266,3758318.4501327397,85575972.18886028,929156710.0767324,9308733.644359227
344.97236350714303,3731583.1648786687,85232380.36101027,929438593.1176151,9242510.412231022
346.580377227817,3705038.241187691,84890085.36316663,929719332.1688251,9176758.706902644
348.19509058519264,3678682.3221063875,84549082.93790866,929998931.5490941,9111475.167197125
349.8165270500812,3652514.06093798,84209368.83581229,930277395.563112,9046656.457343312
351.44471017495096,3626532.121331506,83870938.8152703,930554728.5015979,8982299.26719678
353.07966356914,3600735.176399303,83533788.64360613,930830934.6411215,8918400.310053732
354.7214108988718,3575121.9086411335,83197914.09711364,931106018.2441308,8854956.322463056
356.36997588727127,3549691.0098683024,82863310.9610971,931379983.5589805,8791964.06403837
358.02538231438297,3524441.1811277447,82529975.02991062,931652834.8199589,8729420.317269975
359.6876540612249,3499371.1349555105,82197902.1039627,931924576.2478595,8667321.893106775
361.3568150579213,3474479.592556462,81867087.99333207,932195212.049369,8605665.623970352
363.0328892314971,3449765.280966319,81537528.52140692,932464746.4164504,8544448.356725316
364.7159006027776,3425226.9381001713,81209219.51824696,932733183.5275661,8483666.965184543
366.40587325117406,3400863.3108130405,80882156.82305135,933000527.5472714,8423318.345305147
368.10283131478144,3376673.154828399,80556336.28419301,933266782.6262425,8363399.415011428
369.8067989904795,3352655.234666629,80231753.75925241,933531952.9013066,8303907.114017679
371.5178005340312,3328808.323573528,79908405.11505172,933796042.4954696,8244838.403651071
373.2358602399253,3305131.2041715784,79586286.22676839,934059055.5180972,8186190.26846478
374.96100237046466,3281622.6709222896,79265392.97474137,934320996.0654783,8127959.722336901
376.6932514170138,3258281.5207363893,78945721.25637457,934581868.2188904,8070143.785212994
378.4326318544655,3235106.5616669864,78627266.97500668,934841676.0464748,8012739.504638016
380.17916821491764,3212096.610212656,78310026.04328954,935100423.6027123,7955743.949076368
381.93288508765636,3189250.4912500605,77993994.38321686,935358114.9284527,7899154.207745001
383.69380711914164,3166567.037966545,77679167.9261529,935614754.0509453,7842967.390446452
385.4619590129889,3144045.0917927762,77365542.61286145,935870344.9838675,7787180.627401995
387.2373655299547,3121683.5023353337,77053114.39353442,936124891.7273554,7731791.069084659
389.0200513683718,3099481.131239338,76741879.22293264,936378398.2687697,7676795.895786819
390.8100414373564,3077436.8431391316,76431833.07158633,936630868.5810417,7622192.2952053705
392.60736066738843,3055549.51181735,76122971.91807924,936882306.6238705,7567977.477697505
394.41203402832065,3033818.019544945,75815291.74981493,937132716.3436408,7514148.674645976
396.2240865447599,3012241.256507649,75508788.56367458,937382101.673359,7460703.137038471
398.04354329593224,2990818.120742486,75203458.3660413,937630466.5326827,7407638.135310344
399.8704294155473,2969547.5180742843,74899297.17282404,937877814.8279508,7354950.959187362
401.7047700916655,2948428.362052159,74596301.00948128,938124150.4522153,7302638.917528367
403.54659060198264,2927459.576050845,74294465.90841904,938369477.2856251,7250699.343530522
405.39591626377506,2906640.090156099,73993787.91271603,938613799.1949576,7199129.587014113
407.2527724122431,2885968.8397859335,73694263.07774344,938857120.0334321,7147927.011007187
409.1171844609259,2865444.769327733,73395887.46669948,939099443.641348,7097089.000755114
410.9891778781906,2845066.8306459435,73098657.15236641,939340773.8458804,7046612.960023963
412.8687781871557,2824833.983022259,72802568.2171304,939581114.4611112,6996496.310952359
414.7560109656181,2804745.193095773,72507616.75300068,939820469.2880607,6946736.493903221
416.65090184597784,2784799.434803151,72213798.8616293,940058842.1147175,6897330.96731558
418.5534765401872,2764995.6900991835,71921110.65340842,940296236.7161797,6848277.209489445
420.46376088818397,2745332.9504095744,71629548.2457019,940532656.8548971,6799572.722184477
422.38178063320794,2725810.209566851,71339107.77114274,940768106.2797223,6751215.013121698
424.3075616420812,2706426.4706221414,71049785.3695315,941002588.7269036,6703201.612856794
426.2411298379442,2687180.74369009,70761577.19033206,941236107.9198217,6655530.069441805
428.1825112002906,2668072.0458924836,70474479.39268714,941468667.5690229,6608197.948285495
430.1317317650056,2649099.4013018548,70188488.14543353,941700271.3722488,6561202.832013648
432.0888176244,2630261.840885121,69903599.62711774,941930923.0144691,6514542.320329469
434.05379492724796,2611558.402447184,69619810.02601114,942160626.1679127,6468214.02987388
436.02668982582975,2592988.134086849,69337115.5360882,942389384.4925032,6422215.602785494
438.007528601307,2574550.0858330894,69055512.3665913,942617201.6349344,6376544.685984436
439.99633756922,2556243.3158546817,68774996.73484313,942844081.2294236,6331198.94655301
441.9931430964992,2538066.88927859,68495564.86755587,943070026.8976128,6286176.068808942
443.9979716057601,2520019.8778514345,68217213.00117059,943295042.2485677,6241473.753466875
446.01084957528957,2502101.359886372,67939937.38186915,943519130.8788105,6197089.717506782
448.03180353903196,2484310.420209975,67663734.26558596,943742296.3723506,6153021.694042389
450.06086008657803,2466646.150109089,67388599.91801938,943964542.3007174,6109267.43218954
452.09804576728624,2449107.649273326,67114530.61241561,944185872.2231706,6065824.701877539
454.14338724393326,2431694.022543136,66841522.63315156,944406289.6864456,6022691.285794466
456.1969113045482,2414404.379610047,66569572.27602212,944625798.2247629,5979864.978644699
458.25864473788835,2397237.83755549,66298675.84535796,944844401.3600926,5937343.5934373
460.3286143854617,2380193.5197144616,66028829.65524632,945062102.6020892,5895124.958671433
462.4068471413649,2363270.555625486,65760030.0295396,945278905.4481236,5853206.918212411
464.4933699521245,2346468.080980535,65492273.301863365,945494813.3833154,5811587.33116765
466.5882098165365,2329785.2375749745,65225555.8156247,945709829.880565,5770264.071762684
468.69139378188265,2313221.1740607354,64959873.9231508,945923958.4006368,5729235.031206836
470.80294894041623,2296775.046640733,64695223.984890714,946137202.3922393,5688498.119413348
472.92290245255117,2280446.0138398344,64431602.37503226,946349565.2917264,5648051.252046667
475.051281522575,2264233.241806088,64169005.47571511,946561050.5234711,5607892.363654002
477.18811340599683,2248135.9025952406,63907429.678842604,946771661.4997917,5568019.403415946
479.3334254093736,2232153.174123572,63646871.38608705,946981401.6209836,5528430.33502965
481.48724489013875,2216284.2401207075,63387327.008894585,947190274.2753521,5489123.136591929
483.6495992564266,2200528.2900824603,63128792.96849056,947398282.8392444,5450095.800482465
485.82051596690127,2184884.5192236467,62871265.69588449,947605430.6770822,5411346.33324692
488.0000226821596,2169352.131560741,62614741.62859371,947811721.1415105,5372872.763233158
490.1881468951638,2153930.33223733,62359217.21864573,948017157.5731455,5334673.121580221
492.38491622873545,2138618.333623236,62104688.926138856,948221743.3008369,5296745.457326805
494.5903583636743,2123415.353786761,61851153.220800035,948425481.6416439,5259087.833626775
496.8045010330261,2108320.616332661,61598606.58211009,948628375.9008639,5221698.327347812
499.02737202204014,2093333.3503577043,61347045.499306135,948830429.3720647,5184575.028961334
501.25899916812676,2078452.7904062255,61096466.471383944,949031645.3371172,5147716.0424323995
503.49941036081833,2063678.1764256598,60846866.00709999,949232027.0662277,5111119.485109567
505.7486335655086,2049008.7555493212,60598240.623122886,949431577.8179885,5074783.492140774
508.006696781382,2034443.7788227357,60350586.847306825,949630300.8393784,5038706.208364576
510.2736280482089,2019982.501684611,60103901.21816181,949828199.3657995,5002885.789501491
512.5494554688978,2005624.185658186,59858180.2830974,950025276.6211284,4967320.406343412
514.8342071989156,1991368.0974969754,59613420.599245206,950221535.8177394,4932008.242637643
517.1279114462769,1977213.509142901,59369618.73345878,950416980.1565372,4896947.494983191
519.4305964715383,1963159.6976843907,59126771.26231312,950611612.8269898,4862136.372726979
521.7422905877888,1949205.9453144989,58884874.77210444,950805437.0071604,4827573.09786011
524.0630221078698,1935351.5400897688,58643925.858067736,950998455.8637264,4793255.906897412
526.3928193327581,1921595.7760644886,58403921.12420411,951190672.5520076,4759183.051209963
528.7317107985833,1907937.9495005638,58164857.1869423,951382090.2160664,4725352.787637656
531.079725004096,1894377.3629607777,57926730.67109864,951572711.9886659,4691763.388627415
533.4368904975204,1880913.3239489233,57689538.211164325,951762540.9913267,4658413.13886506
535.8032358763857,1867545.1448703413,57453276.45130283,951951580.3343582,4625300.335177552
538.1787897873612,1854272.1429924362,57217942.04534697,952139833.1168922,4592423.286435194
540.5635809260865,1841093.640405224,56983531.65679655,952327302.4269145,4559780.313453907
542.9576380367221,1828008.9639874194,56750041.95881019,952513991.341297,4527369.748911226
545.3609897713125,1815017.4481212285,56517469.631614074,952699902.9257038,4495189.944070792
547.773665041776,1802118.4277479048,56285811.36898917,952885040.2349416,4463239.251581091
550.1956927208555,1789311.24418868,56055063.8727603,953069406.3127218,4431516.039893794
552.6271017272624,1776595.243432499,55825223.85436596,953253004.1917706,4400018.689022499
555.0679210253954,1763969.7760988148,55596288.03485324,953435836.8938603,4368745.590450579
557.5181796250567,1751434.1974004025,55368253.14487314,953617907.4298428,4337695.147039075
559.9779065811668,1738987.8671061737,55141115.92467579,953799218.7996811,4306865.772934578
562.4471309934838,1726630.1495039721,54914873.124105476,953979773.9924817,4276255.893477082
564.9258821046789,1714360.415026714,54689521.501095586,954159575.986402,4245863.949228335
567.4141891123171,1702178.0370404944,54465057.824527375,954338627.7489215,4215688.388015202
569.9120812316438,1690082.3928739503,54241478.87326317,954516932.236794,4185727.6674796585
572.4195877592197,1678072.8648619566,54018781.43516659,954694492.3959979,4155980.2576642893
574.9367380374771,1666148.8397138224,53796962.30763387,954871311.1618142,4126444.639447166
577.4635614545609,1654309.708478259,53576018.29758735,955047391.4588578,4097119.3044550694
580.0000874441744,1642554.8665083223,53355946.22146852,955222736.2011102,4068002.754976656
582.546345485421,1630883.713426372,53136742.90523137,955397348.2919518,4039093.5038756584
585.1023651540331,1619295.6538689819,52918405.183662355,955571230.624111,4010390.0764361075
587.6681761066994,1607790.0972163507,52700929.900576755,955744386.0797224,3981891.009692057
590.2438079074152,1596366.454923944,52484313.91108557,955916817.5306352,3953594.8458178057
592.8292902358374,1585024.1436522908,52268554.0788563,956088527.8381127,3925500.139880712
595.4246528187724,1573762.5841944204,52053647.277001955,956259519.8529733,3897605.4571843543
598.0299254301513,1562581.2014428459,51839590.388072684,956429796.4156232,3869909.3731867475
600.645137891009,1551479.4243565276,51626380.30404701,956599360.3560872,3842410.4734185147
603.2703200694586,1540456.6859278635,51414013.92632364,956768214.4940414,3815107.353401119
605.905501873077,1529512.4232434055,51202488.16563547,956936361.6388328,3787998.6187972324
608.5507130870343,1518646.0794492133,50991799.940395586,957103804.5892388,3761082.890278337
611.2059838098573,1507857.0983370163,50781946.18111989,957270546.1342303,3734358.7901162137
613.8713440748732,1497144.9289850858,50572923.82656948,957436589.0523695,3707824.953677023
616.5468239594858,1486509.0243756217,50364729.82485375,957601936.1120242,3681480.025996963
619.2324535850012,1475948.8413636233,50157361.13342013,957766590.0714,3655322.6617051642
621.9282631164484,1465463.8406457766,49950814.719044104,957930553.6785723,3629351.524946622
624.634282762401,1455053.486729341,49745087.55781921,958093829.671517,3603565.289305129
627.3505427748015,1444717.247901021,49540176.63514678,958256420.778143,3577962.637726168
630.0770733574773,1434454.5977027067,49336078.94454648,958418329.7160723,3552542.266172211
632.8139048514536,1424265.0118391158,49132791.49004246,958579559.1931821,3527302.875963175
635.5610676481509,1414147.9695762799,48930311.2850343,958740111.9073988,3502243.17724037
638.318592153705,1404102.9542963374,48728635.35182826,958899990.5466307,3477361.8903406686
641.0865088146252,1394129.4530400615,48527760.72196084,959059197.788872,3452657.7446633885
643.8648481175044,1384226.9564775503,48327684.4361875,959217736.3022333,3428129.478597683
646.6536405887358,1374394.958878894,48128403.54447096,959375608.7449738,3403775.8394498895
649.452916794225,1364632.9580848578,47929915.10596985,959532817.7655317,3379595.583370907
652.2627073491892,1354940.4562243212,47732216.188473746,959689366.0024078,3355587.477133439
655.0830429107807,1345316.9591597682,47535303.86878074,959845256.084301,3331750.2967583677
657.9139541538567,1335761.9746858366,47339175.23399998,960000490.6304926,3308082.823052223
660.7554718030476,1326275.0148948415,47143827.379764654,960155072.2504009,3284583.8474670434
663.6076266214986,1316855.5953353948,46949257.41082253,960309003.543774,3261252.1700161197
666.4704494106059,1307503.2349847793,46755462.44102336,960462287.1007215,3238086.599205563
669.3439710097546,1298217.456221308,46562439.59330593,960614925.5017447,3215085.9519658433
672.228222296053,1288997.7847967069,46370185.99968558,960766921.3177685,3192249.053583376
675.1232341909845,1279843.7499632305,46178698.8011331,960918277.1101357,3169574.7380154165
678.0290377230866,1270754.8858549767,45987975.14657761,961068995.4303124,3147061.851311768
680.9456638418349,1261730.7273001103,45798012.19580083,961219078.8208826,3124709.2412410746
683.8731435832161,1252770.8135053143,45608807.116830304,961368529.8147191,3102515.7664177334
686.8115080209558,1243874.686942399,45420357.0866856,961517350.935266,3080480.293543868
689.7607882663286,1235041.8933222562,45232659.29136423,961665544.6965699,3058601.6973448154
692.7210154679648,1226271.9815688268,45045710.92582794,961813113.6033102,3036878.860504645
695.6922208116561,1217564.5037930694,44859509.19398892,961960060.1508296,3015310.6736016753
698.6744355201666,1208919.0152669153,44674051.30869576,962106386.8251653,2993896.0350439637
701.6676908462384,1200335.075756149,44489334.49082959,962252096.1027185,2972633.8543707086
704.6720180869468,1191812.2465871295,44305355.971194595,962397190.4510572,2951523.0449868236
707.6874485752214,1183350.0922767755,44122112.98941946,962541672.3285066,2930562.528200231
710.7140136785674,1174948.1807235668,43939602.79380131,962685544.1841229,2909751.233694961
713.7517448003537,1166606.0828859468,43757822.64148537,962828808.4578024,2889088.0987345753
716.8006733796102,1158323.3727577983,43576769.798450306,962971467.580311,2868572.068101426
719.8608308908307,1150099.6273439012,43396441.53949325,963113523.9733152,2848202.0940358643
722.9322488437717,1141934.4266354023,43216835.14821501,963254980.0494126,2827977.136175477
726.0149587497652,1133827.3542906647,43037947.91657474,963395838.2119501,2807896.1632414497
729.1089921557266,1125777.9968902026,42859777.14531474,963536100.85527,2787958.151193146
732.2143806967788,1117785.9427993526,42682320.14462525,963675770.3650749,2768162.0804111
735.3311560112592,1109850.7839299508,42505574.233038925,963814849.1179214,2748506.9400604363
738.4593497704848,1101972.1150845715,42329536.737801485,963953339.4814403,2728991.7264666413
741.5989936784833,1094149.5339334132,42154204.99485607,964091243.8143661,2709615.443058305
744.7501194717294,1086382.6409911714,41979576.34882735,964228564.4665673,2690377.1003098404
747.9127589188738,1078671.039593931,41805648.1530061,964365303.7790755,2671275.7156842416
751.0869438150088,1071014.3360709262,41632417.76922318,964501464.0840508,2652310.314058541
754.2727059546432,1063412.1406747221,41459882.567295514,964637047.7044923,2633479.93002791
757.470077220899,1055864.0643706734,41288039.9268108,964772056.9553347,2614783.599953016
760.6790895028548,1048369.7217492394,41116887.235453635,964906494.1424955,2596220.3691739477
763.899774719726,1040928.7301317343,40946421.88948206,965040361.5631969,2577789.2897951216
