an,ap,ar,as,br,ch,ct,date,dd,dl,dn,ga,gj,hp,hr,jh,jk,ka,kl,la,ld,mh,ml,mn,mp,mz,nl,or,pb,py,rj,sk,status,tg,tn,tr,tt,up,ut,wb
0,1,0,0,0,0,0,14-Mar-20,0,7,0,0,0,0,14,0,2,6,19,0,0,14,0,0,0,0,0,0,1,0,3,0,Confirmed,1,1,0,81,12,0,0
0,0,0,0,0,0,0,14-Mar-20,0,1,0,0,0,0,0,0,0,0,3,0,0,0,0,0,0,0,0,0,0,0,1,0,Recovered,0,0,0,9,4,0,0
0,0,0,0,0,0,0,14-Mar-20,0,1,0,0,0,0,0,0,0,1,0,0,0,0,0,0,0,0,0,0,0,0,0,0,Deceased,0,0,0,2,0,0,0
0,0,0,0,0,0,0,15-Mar-20,0,0,0,0,0,0,0,0,0,0,5,0,0,18,0,0,0,0,0,0,0,0,1,0,Confirmed,2,0,0,27,1,0,0
0,0,0,0,0,0,0,15-Mar-20,0,1,0,0,0,0,0,0,0,0,0,0,0,0,0,0,0,0,0,0,0,0,2,0,Recovered,1,0,0,4,0,0,0
0,0,0,0,0,0,0,15-Mar-20,0,0,0,0,0,0,0,0,0,0,0,0,0,0,0,0,0,0,0,0,0,0,0,0,Deceased,0,0,0,0,0,0,0
0,0,0,0,0,0,0,16-Mar-20,0,0,0,0,0,0,0,0,1,1,3,0,0,6,0,0,,0,0,1,0,1,0,0,Confirmed,1,0,0,15,0,1,0
0,0,0,0,0,0,0,16-Mar-20,0,0,0,0,0,0,0,0,0,0,0,0,0,0,0,0,0,0,0,0,0,0,0,0,Recovered,0,1,0,1,0,0,0
0,0,0,0,0,0,0,16-Mar-20,0,0,0,0,0,0,0,0,0,0,0,0,0,0,0,0,0,0,0,0,0,0,0,0,Deceased,0,0,0,0,0,0,0
0,0,0,0,0,0,0,17-Mar-20,0,1,0,0,0,0,1,0,0,2,0,0,0,3,0,0,0,0,0,0,0,0,0,0,Confirmed,1,0,0,11,2,0,1
0,0,0,0,0,0,0,17-Mar-20,0,0,0,0,0,0,0,0,0,0,0,0,0,0,0,0,0,0,0,0,0,0,0,0,Recovered,0,0,0,1,1,0,0
0,0,0,0,0,0,0,17-Mar-20,0,0,0,0,0,0,0,0,0,0,0,0,0,1,0,0,0,0,0,0,0,0,0,0,Deceased,0,0,0,1,0,0,0
0,0,0,0,0,0,0,18-Mar-20,0,2,0,0,0,0,1,0,1,5,0,8,0,3,0,0,0,0,0,1,1,0,3,0,Confirmed,8,1,0,37,2,1,0
0,0,0,0,0,0,0,18-Mar-20,0,0,0,0,0,0,0,0,0,0,0,0,0,0,0,0,0,0,0,0,0,0,0,0,Recovered,0,0,0,0,0,0,0
0,0,0,0,0,0,0,18-Mar-20,0,0,0,0,0,0,0,0,0,0,0,0,0,0,0,0,0,0,0,0,0,0,0,0,Deceased,0,0,0,0,0,0,0
0,2,0,0,0,1,1,19-Mar-20,0,4,0,0,2,0,1,0,0,1,1,0,0,4,0,0,0,0,0,0,0,0,2,0,Confirmed,3,1,0,27,3,1,0
0,0,0,0,0,0,0,19-Mar-20,0,1,0,0,0,0,0,0,0,0,0,0,0,0,0,0,0,0,0,0,0,0,0,0,Recovered,0,0,0,5,4,0,0
0,0,0,0,0,0,0,19-Mar-20,0,0,0,0,0,0,0,0,0,0,0,0,0,0,0,0,0,0,0,0,1,0,0,0,Deceased,0,0,0,1,0,0,0
0,0,0,0,0,4,0,20-Mar-20,0,6,0,0,5,2,2,0,0,0,12,2,0,4,0,0,4,0,0,0,1,0,8,0,Confirmed,3,0,0,58,4,0,1
0,0,0,0,0,0,0,20-Mar-20,0,2,0,0,0,0,0,0,0,1,0,0,0,0,0,0,0,0,0,0,0,0,0,0,Recovered,0,0,0,3,0,0,0
0,0,0,0,0,0,0,20-Mar-20,0,0,0,0,0,0,0,0,0,0,0,0,0,0,0,0,0,0,0,0,0,0,0,0,Deceased,0,0,0,0,0,0,0
0,2,0,0,0,0,0,21-Mar-20,0,7,0,0,7,0,2,0,0,5,12,3,0,12,0,0,0,0,0,0,10,0,7,0,Confirmed,2,3,0,78,4,0,2
0,0,0,0,0,0,0,21-Mar-20,0,0,0,0,0,0,0,0,0,0,0,0,0,0,0,0,0,0,0,0,0,0,0,0,Recovered,0,0,0,0,0,0,0
0,0,0,0,0,0,0,21-Mar-20,0,0,0,0,0,0,0,0,0,0,0,0,0,0,0,0,0,0,0,0,0,0,0,0,Deceased,0,0,0,0,0,0,0
0,1,0,0,2,1,0,22-Mar-20,0,0,0,0,4,0,0,0,0,6,15,0,0,10,0,0,2,0,0,0,8,0,4,0,Confirmed,6,3,0,67,2,0,3
0,0,0,0,0,0,0,22-Mar-20,0,0,0,0,0,0,0,0,0,0,0,0,0,0,0,0,0,0,0,0,0,0,0,0,Recovered,0,0,0,0,0,0,0
0,0,0,0,1,0,0,22-Mar-20,0,0,0,0,1,0,0,0,0,0,0,0,0,1,0,0,0,0,0,0,0,0,0,0,Deceased,0,0,0,3,0,0,0
0,1,0,0,1,1,0,23-Mar-20,0,3,0,0,12,1,7,0,0,7,28,0,0,23,0,0,0,0,0,0,2,0,4,0,Confirmed,6,3,0,102,2,1,0
0,0,0,0,0,0,0,23-Mar-20,0,0,0,0,0,0,11,0,0,1,0,0,0,0,0,0,0,0,0,0,0,0,0,0,Recovered,0,0,0,12,0,0,0
0,0,0,0,0,0,0,23-Mar-20,0,0,0,0,0,1,0,0,0,0,0,0,0,0,0,0,0,0,0,0,0,0,0,0,Deceased,0,0,0,2,0,0,1
0,1,0,0,0,0,0,24-Mar-20,0,0,0,0,4,0,2,0,2,8,14,0,0,10,0,1,1,0,0,0,6,0,0,0,Confirmed,4,6,0,64,3,0,2
0,0,0,0,0,0,0,24-Mar-20,0,1,0,0,0,0,0,0,0,1,1,0,0,0,0,0,0,0,0,0,0,0,0,0,Recovered,0,0,0,5,2,0,0
0,0,0,0,0,0,0,24-Mar-20,0,0,0,0,0,0,0,0,0,0,0,0,0,0,0,0,0,0,0,0,0,0,0,0,Deceased,0,1,0,1,0,0,0
0,2,0,0,1,0,2,25-Mar-20,0,5,0,3,4,0,1,0,5,10,9,0,0,15,0,0,8,1,0,0,2,0,6,0,Confirmed,4,8,0,90,3,1,0
0,1,0,0,0,0,0,25-Mar-20,0,0,0,0,0,0,0,0,1,0,0,0,0,1,0,0,0,0,0,0,0,0,0,0,Recovered,0,0,0,3,0,0,0
0,0,0,0,0,0,0,25-Mar-20,0,0,0,0,0,0,0,0,0,0,0,0,0,0,0,0,1,0,0,0,0,0,0,0,Deceased,0,0,0,1,0,0,0
1,1,0,0,3,0,3,26-Mar-20,0,1,0,0,5,0,1,0,3,4,19,0,0,3,0,0,5,0,0,1,2,0,2,0,Confirmed,3,3,0,65,4,0,1
0,0,0,0,0,0,0,26-Mar-20,0,0,0,0,0,0,0,0,0,0,7,0,0,0,0,0,0,0,0,0,0,0,0,0,Recovered,0,0,0,7,0,0,0
0,0,0,0,0,0,0,26-Mar-20,0,0,0,0,2,0,0,0,1,1,0,0,0,1,0,0,0,0,0,0,0,0,0,0,Deceased,0,0,0,5,0,0,0
5,2,0,0,2,1,0,27-Mar-20,0,4,0,0,4,0,1,0,6,9,39,0,0,31,0,0,9,0,0,0,5,0,10,0,Confirmed,15,9,0,164,7,0,5
0,0,0,0,0,0,0,27-Mar-20,0,0,0,0,0,1,0,0,0,2,0,3,0,18,0,0,0,0,0,0,1,0,0,0,Recovered,0,1,0,26,0,0,0
0,0,0,0,0,0,0,27-Mar-20,0,0,0,0,0,0,0,0,0,1,0,0,0,1,0,0,1,0,0,0,0,0,0,0,Deceased,0,0,0,3,0,0,0
3,6,0,0,2,0,1,28-Mar-20,0,9,0,0,8,0,2,0,13,17,6,0,0,30,0,0,10,0,0,0,0,0,4,0,Confirmed,8,4,0,143,16,1,3
0,0,0,0,0,0,0,28-Mar-20,0,0,0,0,0,1,0,0,0,0,1,0,0,6,0,0,0,0,0,0,0,0,0,0,Recovered,0,0,0,9,0,1,0
0,0,0,0,0,0,0,28-Mar-20,0,0,0,0,1,0,0,0,0,0,1,0,0,2,0,0,0,0,0,0,0,0,0,0,Deceased,1,0,0,5,0,0,0
0,2,0,0,4,0,0,29-Mar-20,0,23,0,2,8,0,0,0,5,2,20,0,0,17,0,0,0,0,0,0,0,0,5,0,Confirmed,3,8,0,110,7,1,3
0,0,0,0,0,0,0,29-Mar-20,0,0,0,0,1,0,0,0,0,0,4,0,0,0,0,0,0,0,0,0,0,0,0,0,Recovered,0,0,0,5,0,0,0
0,0,0,0,0,0,0,29-Mar-20,0,1,0,0,1,0,0,0,0,0,0,0,0,1,0,0,0,0,0,0,0,0,0,0,Deceased,0,0,0,3,0,0,0
1,2,0,0,0,5,1,30-Mar-20,0,25,0,0,7,0,1,0,11,5,32,0,0,17,0,0,8,0,0,0,3,0,20,0,Confirmed,7,17,0,187,24,0,1
0,0,0,0,0,0,0,30-Mar-20,0,0,0,0,2,0,6,0,0,1,4,0,0,14,0,0,0,0,0,0,0,0,0,0,Recovered,13,2,0,49,6,1,0
0,0,0,0,0,0,0,30-Mar-20,0,0,0,0,1,0,0,0,0,0,0,0,0,2,0,0,2,0,0,0,2,0,0,0,Deceased,5,0,0,13,0,0,1
0,21,0,1,6,2,1,31-Mar-20,0,23,0,0,4,0,7,1,6,13,7,0,0,82,0,0,19,0,0,1,1,0,14,0,Confirmed,20,57,0,309,8,0,15
0,0,0,0,0,0,2,31-Mar-20,0,0,0,0,2,0,0,0,0,2,4,0,0,0,0,0,0,0,0,0,0,0,0,0,Recovered,0,2,0,15,0,0,3
0,0,0,0,0,0,0,31-Mar-20,0,0,0,0,0,0,0,0,1,0,1,0,0,1,0,0,1,0,0,0,1,0,0,0,Deceased,0,0,0,6,0,0,1
0,67,0,15,3,2,0,01-Apr-20,0,32,0,0,13,0,0,0,7,9,24,0,0,33,0,0,32,0,0,1,4,2,27,0,Confirmed,30,110,0,424,13,0,0
0,1,0,0,0,0,0,01-Apr-20,0,0,0,0,0,0,10,0,1,1,2,0,0,0,0,0,0,0,0,1,0,0,0,0,Recovered,0,0,0,16,0,0,0
0,0,0,0,0,0,0,01-Apr-20,0,0,0,0,0,0,0,0,0,0,0,0,0,3,0,0,1,0,0,0,0,0,0,0,Deceased,3,0,0,9,2,0,0
0,38,1,0,5,1,0,02-Apr-20,0,141,0,0,1,3,6,1,8,14,21,0,0,88,0,1,9,0,0,0,1,2,13,0,Confirmed,27,75,0,486,11,3,16
0,0,0,0,3,0,1,02-Apr-20,0,2,0,0,5,0,0,0,1,2,2,0,0,3,0,0,0,0,0,0,0,0,0,0,Recovered,3,0,0,22,0,0,0
0,0,0,0,0,0,0,02-Apr-20,0,2,0,0,1,0,0,0,0,0,0,0,0,8,0,0,2,0,0,0,1,0,0,0,Deceased,0,0,0,14,0,0,0
0,15,0,7,2,0,0,03-Apr-20,0,93,0,1,7,0,9,0,5,4,9,1,0,64,0,0,47,0,0,15,6,0,46,0,Confirmed,75,102,0,560,46,6,0
0,0,0,0,0,0,0,03-Apr-20,0,0,0,0,0,0,0,0,0,0,14,0,0,8,0,0,0,0,0,1,0,0,0,0,Recovered,15,0,0,38,0,0,0
0,1,0,0,0,0,0,03-Apr-20,0,2,0,0,2,1,0,0,0,1,0,0,0,5,0,0,0,0,0,0,0,0,0,0,Deceased,2,0,0,14,0,0,0
0,28,0,3,1,0,1,04-Apr-20,0,59,0,1,13,7,26,0,17,16,11,0,0,148,0,0,25,0,0,1,12,0,27,0,Confirmed,43,74,0,579,60,6,0
0,0,0,0,0,3,0,04-Apr-20,0,8,0,0,3,0,1,0,0,0,8,0,0,2,0,0,0,0,0,0,2,0,22,0,Recovered,1,2,0,56,4,0,0
0,0,0,0,0,0,0,04-Apr-20,0,0,0,0,1,0,0,0,0,0,0,0,0,6,0,0,3,0,0,0,0,0,1,0,Deceased,0,2,0,13,0,0,0
0,64,0,0,0,0,0,05-Apr-20,0,58,0,0,20,1,6,1,14,7,8,0,0,112,0,0,14,0,0,18,3,0,60,0,Confirmed,62,86,0,609,44,4,27
0,3,0,0,0,2,5,05-Apr-20,0,0,0,0,8,0,0,0,1,1,6,0,0,4,0,0,3,0,0,0,1,0,0,0,Recovered,0,0,0,43,0,2,7
0,0,0,0,0,0,0,05-Apr-20,0,1,0,0,1,0,0,0,0,0,0,0,0,13,0,0,2,0,0,0,2,0,0,0,Deceased,0,2,0,22,1,0,0
0,47,0,0,0,0,0,06-Apr-20,0,22,0,0,18,4,20,1,3,12,13,0,0,121,0,0,63,0,0,1,11,0,35,0,Confirmed,30,50,1,484,27,5,0
0,0,0,0,6,0,0,06-Apr-20,0,0,0,0,1,0,0,0,0,8,3,7,0,14,0,1,8,0,0,0,0,0,0,0,Recovered,12,5,0,65,0,0,0
0,2,0,0,0,0,0,06-Apr-20,0,0,0,0,1,0,2,0,0,0,0,0,0,7,0,0,2,0,0,0,0,0,1,0,Deceased,0,1,0,16,0,0,0
0,11,0,2,6,0,0,07-Apr-20,0,51,0,0,29,9,33,0,16,12,9,0,0,150,0,0,34,0,0,2,20,0,42,0,Confirmed,40,69,0,572,27,0,11
0,0,0,0,6,2,1,07-Apr-20,0,4,0,0,3,1,2,0,0,5,12,0,0,9,0,0,10,0,0,0,10,1,0,0,Recovered,0,6,0,75,0,0,3
0,1,0,0,0,0,0,07-Apr-20,0,2,0,0,2,0,0,0,1,0,0,0,0,12,0,0,6,0,0,1,1,0,0,0,Deceased,0,1,0,27,0,0,0
1,34,0,0,1,0,0,08-Apr-20,0,93,0,0,11,0,24,0,33,6,9,0,0,117,0,0,51,0,0,0,7,0,40,0,Confirmed,49,48,0,565,29,4,8
0,1,0,0,0,0,0,08-Apr-20,0,1,0,0,0,0,1,0,2,3,13,0,0,38,0,0,4,0,0,0,0,0,20,0,Recovered,0,2,0,96,10,1,0
0,0,0,0,0,0,0,08-Apr-20,0,0,0,0,2,0,0,0,0,1,0,0,0,8,0,0,3,0,0,0,1,0,1,0,Deceased,0,1,0,20,1,0,2
0,15,0,1,19,0,8,09-Apr-20,0,51,0,0,76,1,3,9,26,16,12,0,0,229,0,0,70,0,0,6,24,0,80,0,Confirmed,18,96,0,813,49,0,4
10,4,0,0,0,0,0,09-Apr-20,0,4,0,0,1,0,0,0,0,2,13,0,0,8,0,0,0,0,0,0,4,0,15,0,Recovered,0,6,0,70,0,0,3
0,2,0,0,0,0,0,09-Apr-20,0,3,0,0,2,0,0,1,1,1,0,0,0,25,0,0,9,0,0,0,1,0,0,0,Deceased,1,0,0,46,0,0,0
0,18,0,0,2,1,0,10-Apr-20,0,183,0,0,116,0,6,1,23,10,7,1,0,210,0,0,40,0,0,2,21,2,98,0,Confirmed,16,77,1,871,23,0,13
0,0,0,0,0,0,0,10-Apr-20,0,2,0,1,7,0,4,0,0,4,27,1,0,63,0,0,12,0,0,10,2,0,0,0,Recovered,0,17,0,151,1,0,0
0,0,0,1,0,0,0,10-Apr-20,0,2,0,0,1,0,0,0,0,0,0,0,0,12,0,0,4,0,0,0,1,0,0,0,Deceased,0,1,0,22,0,0,0
0,24,0,0,4,0,7,11-Apr-20,0,166,0,0,90,4,3,3,17,8,10,0,0,187,0,0,78,0,0,4,7,0,139,0,Confirmed,16,58,0,854,19,0,10
0,0,0,0,0,0,0,11-Apr-20,0,0,0,4,11,6,0,0,0,5,19,0,0,20,0,0,1,0,0,0,0,0,56,0,Recovered,51,0,0,186,13,0,0
0,0,0,0,0,0,0,11-Apr-20,0,5,0,0,3,0,0,0,0,0,1,0,0,17,0,0,4,0,0,0,1,0,6,0,Deceased,2,1,0,40,1,0,0
0,15,0,1,0,2,6,12-Apr-20,0,85,0,0,48,0,16,2,21,17,2,0,0,221,0,0,33,0,0,0,12,0,104,0,Confirmed,28,106,0,758,31,0,8
0,2,0,0,11,0,1,12-Apr-20,0,1,0,0,0,4,8,0,0,15,36,0,0,9,0,0,3,0,0,0,3,0,5,0,Recovered,7,6,0,114,0,0,3
0,1,0,0,0,0,0,12-Apr-20,0,5,0,0,2,0,1,1,0,0,0,0,0,22,0,0,3,0,0,0,0,0,2,0,Deceased,2,1,0,42,0,0,2
0,19,0,2,2,0,0,13-Apr-20,0,356,0,0,56,0,1,5,25,15,3,2,0,352,1,0,52,0,0,1,6,0,93,0,Confirmed,61,98,0,1243,75,0,18
0,0,0,0,2,0,0,13-Apr-20,0,3,0,0,10,0,7,0,10,6,19,1,0,12,0,0,10,0,0,6,2,0,0,0,Recovered,0,8,0,112,4,2,10
0,0,0,0,0,0,0,13-Apr-20,0,4,0,0,2,0,0,0,0,2,0,0,0,11,0,0,7,0,0,0,0,0,0,0,Deceased,1,0,0,27,0,0,0
0,45,0,1,0,0,2,14-Apr-20,0,51,0,0,78,1,2,3,8,13,8,0,0,346,0,0,127,0,0,5,8,0,108,0,Confirmed,52,31,0,1031,102,2,38
0,4,0,0,1,0,3,14-Apr-20,0,0,0,0,5,1,4,0,14,11,13,0,0,30,0,0,13,0,0,0,2,0,26,0,Recovered,7,23,0,167,1,2,7
0,4,0,0,0,0,0,14-Apr-20,0,2,0,0,2,0,0,0,0,2,0,0,0,18,0,0,3,0,0,0,1,0,0,0,Deceased,1,1,0,37,3,0,0
0,41,0,0,6,0,0,15-Apr-20,0,17,0,0,116,2,6,1,22,19,1,1,0,236,6,0,197,0,0,0,2,0,71,0,Confirmed,6,38,0,886,75,0,23
0,4,1,2,0,2,4,15-Apr-20,0,10,0,1,5,0,2,0,6,9,7,0,0,36,0,0,0,0,0,1,0,0,0,0,Recovered,8,37,1,144,7,0,1
0,3,0,0,0,0,0,15-Apr-20,0,2,0,0,5,0,0,0,0,2,0,0,0,9,1,0,0,0,0,0,0,0,0,0,Deceased,0,2,0,27,3,0,0
0,9,0,2,11,0,3,16-Apr-20,0,62,0,0,163,0,11,1,14,36,7,0,0,285,2,0,226,0,0,0,11,0,55,0,Confirmed,50,25,0,1061,70,0,18
1,0,0,3,8,0,6,16-Apr-20,0,11,0,0,9,3,8,0,2,2,27,2,0,5,0,0,6,0,0,0,2,0,17,0,Recovered,68,62,0,258,11,0,5
0,0,0,0,0,0,0,16-Apr-20,0,6,0,0,3,0,0,0,0,1,0,0,0,7,0,0,2,0,0,0,1,0,0,0,Deceased,0,1,0,26,2,0,3
1,38,0,0,2,0,0,17-Apr-20,0,67,0,0,170,3,8,3,14,44,1,0,0,120,0,0,146,0,0,0,14,0,98,0,Confirmed,66,56,0,922,44,3,24
0,15,0,4,0,0,1,17-Apr-20,0,20,0,0,13,0,21,0,4,6,10,0,0,31,0,0,0,0,0,2,1,0,19,0,Recovered,0,103,0,273,14,0,9
0,0,0,0,0,0,0,17-Apr-20,0,4,0,0,5,0,0,0,1,0,0,0,0,7,0,0,14,0,0,0,0,0,6,0,Deceased,0,0,0,38,1,0,0
2,31,0,0,1,2,0,18-Apr-20,0,186,0,0,277,1,9,1,13,25,4,0,0,327,2,0,92,0,0,1,23,0,122,0,Confirmed,43,49,0,1371,126,2,32
0,7,0,3,5,0,1,18-Apr-20,0,135,0,0,7,0,14,0,9,16,2,0,0,34,0,0,57,0,0,3,1,3,17,0,Recovered,0,82,0,426,26,0,4
0,2,0,0,1,0,0,18-Apr-20,0,1,0,0,12,0,0,0,0,1,0,0,0,10,0,0,0,0,0,0,2,0,4,0,Deceased,0,0,0,35,0,0,2
1,44,0,0,10,3,0,19-Apr-20,0,110,0,0,367,0,18,8,13,6,2,0,0,552,0,0,5,0,0,0,10,0,127,0,Confirmed,49,105,0,1580,125,2,23
0,23,0,5,0,4,0,19-Apr-20,0,83,0,1,12,0,4,0,5,7,13,0,0,142,0,0,4,0,0,0,6,0,5,0,Recovered,0,46,0,388,19,2,7
0,1,0,0,0,0,0,19-Apr-20,0,2,0,0,10,0,0,0,0,2,0,0,0,12,0,0,3,0,0,0,0,0,2,0,Deceased,3,0,0,38,3,0,0
1,75,0,0,17,0,0,20-Apr-20,0,78,0,0,196,0,1,5,14,18,6,0,0,466,0,0,78,0,0,13,1,0,98,0,Confirmed,14,43,0,1239,84,2,29
0,27,0,2,0,1,0,20-Apr-20,0,141,0,0,26,0,37,4,15,1,21,0,0,65,0,1,7,0,0,0,1,0,0,0,Recovered,0,46,0,419,13,7,4
0,3,0,0,0,0,0,20-Apr-20,0,2,0,0,8,0,0,0,0,0,0,0,0,9,0,0,4,0,0,0,0,0,2,0,Deceased,2,2,0,33,1,0,0
1,35,0,0,13,1,0,21-Apr-20,0,75,0,0,239,0,4,0,12,10,19,0,0,552,1,0,67,0,0,5,6,0,159,0,Confirmed,56,76,0,1537,153,0,53
0,4,0,0,0,0,0,21-Apr-20,0,180,0,0,8,0,6,0,10,17,16,0,0,150,0,0,10,0,0,6,11,0,69,0,Recovered,8,178,0,703,22,1,7
0,2,0,0,0,0,0,21-Apr-20,0,0,0,0,19,0,0,0,0,1,0,0,0,19,0,0,4,0,0,0,0,0,1,0,Deceased,0,1,0,53,3,0,3
1,56,0,0,17,0,0,22-Apr-20,0,92,0,0,229,0,9,0,27,9,11,0,0,431,0,0,35,0,0,4,27,0,153,0,Confirmed,15,33,0,1292,112,0,31
0,24,0,0,0,0,3,22-Apr-20,0,113,0,0,40,0,11,0,11,2,1,0,0,67,0,0,4,0,0,2,4,0,70,0,Recovered,0,27,0,394,11,4,0
0,2,0,0,0,0,0,22-Apr-20,0,1,0,0,13,0,0,0,0,0,0,0,0,18,0,0,0,0,0,0,0,0,1,0,Deceased,1,0,0,36,0,0,0
4,80,0,1,27,0,0,23-Apr-20,0,128,0,0,217,1,6,7,27,18,10,0,0,778,0,0,100,0,0,6,5,0,76,0,Confirmed,27,54,0,1667,61,1,33
0,21,0,0,2,0,2,23-Apr-20,0,84,0,0,79,2,12,4,0,14,8,2,0,51,0,0,51,0,0,1,13,0,107,0,Recovered,58,90,1,642,33,1,6
0,3,0,0,0,0,0,23-Apr-20,0,2,0,0,9,0,0,1,0,0,0,0,0,14,0,0,3,0,0,0,1,0,1,0,Deceased,1,2,0,40,3,0,0
7,62,0,0,53,0,0,24-Apr-20,0,138,0,0,191,0,5,6,20,29,3,0,0,390,0,0,159,0,0,5,15,0,70,0,Confirmed,13,72,0,1408,111,1,58
0,4,0,0,0,1,0,24-Apr-20,0,49,0,0,7,0,16,0,17,7,15,0,0,117,0,0,7,0,0,0,4,0,42,0,Recovered,39,114,0,484,20,1,24
0,2,0,0,0,0,0,24-Apr-20,0,3,0,0,15,0,0,0,0,1,1,0,0,18,0,0,9,0,0,0,0,0,4,0,Deceased,0,2,0,59,1,0,3
4,61,0,0,28,1,1,25-Apr-20,0,111,0,0,256,0,12,8,40,26,7,2,0,811,0,0,99,0,0,6,10,1,49,0,Confirmed,7,66,0,1835,172,0,57
0,26,0,0,1,0,2,25-Apr-20,0,12,0,0,17,4,5,0,3,6,7,0,0,119,0,0,71,0,0,1,2,0,20,0,Recovered,16,94,0,442,35,1,0
0,2,0,0,0,0,0,25-Apr-20,0,1,0,0,6,0,0,0,1,0,0,0,0,22,0,0,7,0,0,0,0,0,2,0,Deceased,0,1,0,44,2,0,0
0,81,0,0,26,8,0,26-Apr-20,0,293,0,0,230,0,9,15,29,3,11,0,0,440,0,0,145,0,0,3,14,0,102,0,Confirmed,11,64,0,1607,80,3,40
0,60,0,8,11,2,0,26-Apr-20,0,8,0,0,31,0,8,5,25,24,4,0,0,112,0,0,21,0,0,1,12,0,116,0,Recovered,9,60,0,585,66,0,2
0,0,0,0,0,0,0,26-Apr-20,0,0,0,0,18,0,0,0,0,1,0,0,0,19,0,0,4,0,0,0,1,0,7,0,Deceased,0,1,0,56,3,0,2
0,80,0,0,69,9,0,27-Apr-20,0,190,0,0,247,0,5,21,23,9,13,0,0,522,0,0,75,0,0,15,8,0,77,0,Confirmed,2,52,0,1568,113,0,38
0,4,0,0,0,0,0,27-Apr-20,0,0,0,0,81,3,14,4,27,11,13,0,0,94,0,0,55,0,0,2,14,1,115,0,Recovered,16,54,0,580,72,0,0
0,0,0,0,0,0,0,27-Apr-20,0,0,0,0,11,0,0,0,1,1,0,0,0,27,0,0,7,0,0,0,1,0,9,0,Deceased,0,0,0,58,1,0,0
0,82,0,2,20,11,1,28-Apr-20,0,206,0,0,226,0,7,2,19,11,4,2,0,728,0,0,222,0,0,0,12,0,102,0,Confirmed,6,121,0,1902,67,3,48
4,23,0,0,8,0,2,28-Apr-20,0,201,0,0,40,0,11,2,12,14,4,0,0,106,0,0,16,0,0,1,3,0,26,0,Recovered,42,54,0,636,63,0,4
0,0,0,0,0,0,0,28-Apr-20,0,0,0,0,19,0,0,0,1,0,0,0,0,31,0,0,10,0,0,0,0,0,2,0,Deceased,0,1,0,69,3,0,2
0,73,0,0,37,12,0,29-Apr-20,0,125,0,0,308,0,3,2,16,12,10,0,0,597,0,0,173,0,0,7,33,0,76,0,Confirmed,7,104,0,1705,81,1,28
0,29,0,2,0,0,0,29-Apr-20,0,14,0,0,93,0,1,0,16,9,10,1,0,205,0,0,88,0,0,1,0,0,44,0,Recovered,35,82,0,690,48,2,10
0,0,0,0,0,0,0,29-Apr-20,0,2,0,0,16,0,0,0,0,1,0,0,0,32,0,0,10,0,0,0,0,0,3,0,Deceased,0,2,0,71,5,0,0
0,71,0,5,22,6,2,30-Apr-20,0,76,0,0,313,0,28,3,33,30,2,0,0,583,0,0,65,0,0,18,105,0,144,0,Confirmed,22,161,0,1801,77,2,33
1,34,0,0,20,1,2,30-Apr-20,0,2,0,0,86,3,10,0,24,13,14,0,0,180,0,0,21,0,0,2,3,0,79,0,Recovered,33,48,0,630,41,8,5
0,0,0,0,0,0,0,30-Apr-20,0,3,0,0,17,0,1,0,0,1,0,0,0,27,0,0,7,0,0,0,1,0,3,0,Deceased,3,0,0,75,1,0,11
0,60,0,0,41,14,3,01-May-20,0,223,0,0,326,0,18,3,25,24,0,0,0,1008,0,0,90,0,0,11,105,0,82,0,Confirmed,6,203,0,2396,117,0,37
0,82,0,4,14,0,0,01-May-20,0,73,0,0,123,2,6,2,31,22,9,0,0,106,10,0,42,0,0,14,4,0,223,0,Recovered,22,54,0,962,103,1,15
0,2,0,0,1,0,0,01-May-20,0,2,0,0,22,0,0,0,0,0,0,0,0,26,0,0,8,0,0,0,0,0,4,0,Deceased,0,1,0,77,2,1,8
0,62,0,0,15,6,0,02-May-20,0,384,0,0,333,0,19,2,27,12,2,1,0,790,0,0,73,0,0,6,187,1,106,0,Confirmed,17,231,2,2564,159,2,127
10,38,0,0,19,1,0,02-May-20,0,89,0,0,160,3,1,1,7,20,8,0,0,121,0,0,100,0,0,1,4,0,126,0,Recovered,35,29,0,831,44,2,12
0,0,0,0,1,0,0,02-May-20,0,3,0,0,26,0,1,0,0,3,0,0,0,36,0,0,6,0,0,0,0,0,6,0,Deceased,1,1,0,92,1,0,7
0,58,0,0,36,3,14,03-May-20,0,427,0,0,374,0,66,0,35,13,0,19,0,678,0,0,49,0,0,2,330,0,114,0,Confirmed,21,266,12,2952,158,1,276
6,47,0,0,7,0,0,03-May-20,0,106,0,0,146,1,3,5,33,22,1,0,0,115,0,0,174,0,0,4,5,1,114,0,Recovered,46,38,0,911,56,0,-19
0,0,0,0,0,1,0,03-May-20,0,0,0,0,28,0,0,0,0,0,0,0,0,27,0,0,5,0,0,0,1,0,3,0,Deceased,0,1,0,140,0,0,74
0,67,0,0,11,5,1,04-May-20,0,349,0,0,376,1,75,0,25,37,0,0,0,1567,0,0,105,0,0,7,130,0,175,0,Confirmed,3,527,13,3656,121,0,61
0,36,0,0,3,2,0,04-May-20,0,69,0,0,153,0,9,0,16,28,61,0,0,350,0,0,58,0,0,0,11,0,82,0,Recovered,40,30,0,1082,48,0,86
0,0,0,0,0,0,0,04-May-20,0,0,0,0,29,0,1,0,0,2,0,0,0,35,0,0,9,0,0,0,2,0,6,0,Deceased,0,1,0,103,7,0,11
0,67,0,2,7,17,1,05-May-20,0,206,1,0,441,1,31,10,15,22,3,0,0,984,0,0,107,0,0,8,219,0,97,0,Confirmed,11,508,13,2971,114,1,85
0,65,0,0,31,0,0,05-May-20,0,37,0,0,186,0,2,6,17,10,0,0,0,354,0,0,144,1,0,0,5,0,87,0,Recovered,43,76,0,1295,185,0,46
0,1,0,0,0,0,0,05-May-20,0,0,0,0,49,1,0,0,0,2,0,0,0,34,0,0,11,0,0,1,2,0,12,0,Deceased,0,2,0,128,6,0,7
0,60,0,1,7,5,0,06-May-20,0,428,0,0,380,1,46,2,34,20,0,0,0,1233,0,0,89,0,0,28,75,0,159,0,Confirmed,11,771,22,3602,118,0,112
0,140,0,2,0,0,0,06-May-20,0,74,0,0,119,0,4,4,2,23,7,0,0,275,0,0,99,0,0,1,2,0,214,0,Recovered,20,31,0,1161,143,0,1
0,2,0,0,0,0,0,06-May-20,0,1,0,0,28,0,1,0,0,0,0,0,0,34,0,0,9,0,0,0,2,0,4,0,Deceased,0,2,0,91,4,0,4
0,56,0,8,8,11,0,07-May-20,0,448,0,0,388,3,31,5,18,12,0,0,0,1216,0,0,114,0,0,14,118,0,110,0,Confirmed,15,580,24,3344,73,0,92
1,51,0,0,60,0,0,07-May-20,0,389,0,0,209,0,0,4,13,12,5,0,0,207,0,0,132,0,0,1,14,0,150,0,Recovered,45,31,0,1475,120,0,31
0,2,0,0,1,0,0,07-May-20,0,1,0,0,29,0,0,0,1,1,0,0,0,43,0,0,8,0,0,0,1,0,6,0,Deceased,0,2,0,104,2,0,7
0,54,0,6,29,11,0,08-May-20,0,338,0,0,390,4,22,22,30,48,1,0,0,1089,0,0,89,0,0,51,87,1,152,0,Confirmed,10,600,30,3339,143,2,130
0,62,0,0,49,0,2,08-May-20,0,89,0,0,163,0,19,0,29,10,10,1,0,169,0,0,118,0,0,1,3,2,122,0,Recovered,34,58,0,1111,137,6,27
0,3,0,1,0,1,0,08-May-20,0,2,0,0,24,0,1,0,0,0,0,0,0,37,0,0,7,0,0,0,1,0,4,0,Deceased,0,3,0,97,4,0,9
0,43,0,2,32,23,0,09-May-20,0,224,0,0,394,2,28,2,13,41,2,0,0,1165,1,0,116,0,0,82,31,0,129,0,Confirmed,31,526,17,3175,159,4,108
0,45,0,0,51,3,5,09-May-20,0,0,0,0,219,1,11,37,4,10,1,0,0,330,0,0,131,0,0,5,5,0,151,0,Recovered,24,219,0,1414,112,1,49
0,3,0,-1,0,0,0,09-May-20,0,0,0,0,23,0,1,0,0,0,0,0,0,48,0,0,11,0,0,1,2,0,3,0,Deceased,1,4,0,115,8,0,11
0,50,0,1,96,4,0,10-May-20,0,381,0,0,398,6,28,1,25,54,7,0,0,1943,0,0,157,0,0,25,61,2,106,0,Confirmed,33,669,16,4311,94,1,153
0,38,0,0,36,0,6,10-May-20,0,49,0,0,454,0,10,0,15,36,4,3,0,399,0,0,196,0,0,0,9,1,79,0,Recovered,0,135,0,1669,154,0,45
0,1,0,0,1,1,0,10-May-20,0,5,0,0,21,0,1,0,0,1,0,0,0,53,0,0,4,0,0,0,0,0,2,0,Deceased,0,3,0,112,5,0,14
0,38,0,2,42,8,0,11-May-20,0,310,0,0,347,1,27,4,18,14,7,0,0,1230,0,0,171,0,0,38,54,0,174,0,Confirmed,79,798,0,3592,106,0,124
0,73,0,5,23,4,4,11-May-20,0,60,0,0,235,0,37,0,44,4,0,1,0,587,0,0,71,0,0,17,2,0,83,0,Recovered,50,92,0,1579,105,0,82
0,0,0,0,0,0,0,11-May-20,0,0,0,0,20,0,1,0,1,0,0,0,0,36,0,0,6,0,0,0,0,0,5,0,Deceased,0,6,0,81,1,0,5
0,71,0,0,130,6,0,12-May-20,0,406,0,0,362,7,50,11,55,63,5,0,0,1026,0,0,201,0,0,22,37,0,138,0,Confirmed,51,716,2,3561,91,1,110
0,58,0,0,5,2,1,12-May-20,0,383,1,0,466,0,5,1,28,7,0,0,0,339,0,0,113,0,0,31,3,0,130,0,Recovered,21,83,0,1905,115,0,113
0,1,0,0,0,0,0,12-May-20,0,13,0,0,24,0,0,0,0,0,0,0,0,53,0,0,4,0,0,0,1,0,4,0,Deceased,2,8,0,120,2,0,8
0,48,0,15,74,4,0,13-May-20,0,359,0,0,364,1,13,5,37,34,10,1,0,1495,0,0,187,0,0,101,10,1,202,0,Confirmed,41,509,0,3725,94,3,117
0,86,0,0,0,0,1,13-May-20,0,346,0,0,316,0,76,8,11,18,1,0,0,422,1,0,144,0,0,27,29,0,119,0,Recovered,117,42,0,1946,92,0,90
0,1,0,0,1,0,0,13-May-20,0,20,0,0,29,0,0,0,0,2,0,0,0,54,0,0,7,0,0,0,0,0,4,0,Deceased,2,3,0,136,4,0,9
